"الرمز","المجال","المتطلب","الأولوية","الحالة","له خدمة في الكتالوج","معيار القبول","المالك"
"GOV-01","القيادة والحوكمة","الأهداف السنوية","P1","لم يبدأ","نعم","لا ينشر هدف دون مالك ومؤشر وموعد مراجعة.","الراعي التنفيذي / الحوكمة"
"GOV-02","القيادة والحوكمة","المحفظة التنفيذية","P1","لم يبدأ","نعم","كل إشارة حمراء تنقل إلى سبب موثق وقرار مطلوب.","الراعي التنفيذي / الحوكمة"
"GOV-03","القيادة والحوكمة","مصفوفة التفويض","P1","لم يبدأ","نعم","تغيير سقف الاعتماد يسري من تاريخ محدد ولا يغير موافقات سابقة.","الراعي التنفيذي / الحوكمة"
"GOV-04","القيادة والحوكمة","القرارات والمحاضر","P1","لم يبدأ","نعم","لا يغلق القرار قبل اكتمال الأدلة والمهام التابعة.","الراعي التنفيذي / الحوكمة"
"GOV-05","القيادة والحوكمة","ميزانية المبادرات","P2","لم يبدأ","نعم","تجاوز المخصص يوقف الالتزام أو يطلب استثناء موثقًا.","الراعي التنفيذي / الحوكمة"
"GOV-06","القيادة والحوكمة","سجل المخاطر","P2","لم يبدأ","نعم","كل خطر مرتفع له إجراء مفتوح أو قبول مخاطر مصدق.","الراعي التنفيذي / الحوكمة"
"GOV-07","القيادة والحوكمة","المؤشرات المؤرخة","P2","لم يبدأ","نعم","لا يظهر رقم قديم بوسم لحظي أو رقم مجهول كمعلومة مؤكدة.","الراعي التنفيذي / الحوكمة"
"GOV-08","القيادة والحوكمة","الاجتماعات التنفيذية","P2","لم يبدأ","نعم","النسخة المنشورة ثابتة ويمكن تتبع الفروقات عن النسخة السابقة.","الراعي التنفيذي / الحوكمة"
"GOV-09","القيادة والحوكمة","تضارب المصالح","P2","لم يبدأ","نعم","المشارك المتعارض لا يعتمد المعاملة ذات الصلة.","الراعي التنفيذي / الحوكمة"
"GOV-10","القيادة والحوكمة","الرقابة الداخلية","P2","لم يبدأ","نعم","كل ملاحظة لها مسؤول وموعد وإثبات إغلاق.","الراعي التنفيذي / الحوكمة"
"CRM-03","النمو والمبيعات والمنافسات","المنافسات","P1","لم يبدأ","نعم","تنبيه قبل الموعد؛ لا ترسل نسخة قديمة من العرض.","مدير النمو / المبيعات"
"CRM-04","النمو والمبيعات والمنافسات","قرار الدخول","P1","لم يبدأ","نعم","قرار الدخول أو عدمه محفوظ مع التبرير والاعتماد.","مدير النمو / المبيعات"
"CRM-05","النمو والمبيعات والمنافسات","كتالوج التسعير","P2","لم يبدأ","نعم","يظهر هامش كل عرض وفق إصدار تكلفة محدد.","مدير النمو / المبيعات"
"CRM-08","النمو والمبيعات والمنافسات","التوقعات البيعية","P2","لم يبدأ","نعم","لا يحتسب عرض غير متعاقد كإيراد معترف به.","مدير النمو / المبيعات"
"CRM-10","النمو والمبيعات والمنافسات","أسباب الخسارة","P2","لم يبدأ","نعم","كل فرصة مغلقة بالخسارة لها سبب ودرس قابل للمراجعة.","مدير النمو / المبيعات"
"ACC-02","إدارة الحسابات وتجربة العميل","استقبال التكليف","P1","لم يبدأ","نعم","يرفض التكليف الناقص أو يعاد للعميل مع النواقص.","مدير الحسابات"
"ACC-04","إدارة الحسابات وتجربة العميل","بوابة اعتماد العميل","P1","لم يبدأ","لا","عميل لا يستطيع الاطلاع على عميل آخر حتى بمعرفة المعرف.","مدير الحسابات"
"ACC-05","إدارة الحسابات وتجربة العميل","تغذية راجعة موحدة","P2","لم يبدأ","نعم","يصدر قرار موحد موثق لكل جولة مراجعة.","مدير الحسابات"
"ACC-07","إدارة الحسابات وتجربة العميل","متابعة الالتزامات","P2","لم يبدأ","لا","التأخر يظهر بجهته المسؤولة دون اتهام تلقائي للفريق.","مدير الحسابات"
"ACC-09","إدارة الحسابات وتجربة العميل","صحة الحساب","P2","لم يبدأ","نعم","كل انخفاض في الصحة له سبب ظاهر لا درجة غامضة.","مدير الحسابات"
"ACC-10","إدارة الحسابات وتجربة العميل","التجديد والتوسع","P2","لم يبدأ","نعم","تتبع فرصة التجديد بالعقد الحالي وبالعرض الجديد منفصلًا.","مدير الحسابات"
"PMO-03","المشاريع والموارد","الاعتماديات","P1","لم يبدأ","لا","تحريك مهمة حرجة يظهر أثره على تاريخ التسليم.","مدير المشاريع / PMO"
"PMO-04","المشاريع والموارد","تخطيط الطاقة","P1","لم يبدأ","نعم","لا يخفى تضارب حجز المورد بين مشروعين.","مدير المشاريع / PMO"
"PMO-05","المشاريع والموارد","إدارة الإسناد","P2","لم يبدأ","نعم","إسناد موظف خارج الإدارة يتبع مسار السلطة المصفوفية.","مدير المشاريع / PMO"
"PMO-06","المشاريع والموارد","ساعات العمل","P2","لم يبدأ","نعم","لا يعدل سجل معتمد في فترة مقفلة دون تسوية موثقة.","مدير المشاريع / PMO"
"PMO-07","المشاريع والموارد","التكلفة المتوقعة","P2","لم يبدأ","لا","لا تخصم فاتورة المورد والالتزام الأصلي مرتين من الهامش.","مدير المشاريع / PMO"
"PMO-08","المشاريع والموارد","المخاطر والتصعيد","P2","لم يبدأ","نعم","العائق المتجاوز مهلة الاستجابة يصل للمالك التالي فقط.","مدير المشاريع / PMO"
"PMO-09","المشاريع والموارد","التسليم والإقفال","P2","لم يبدأ","نعم","لا يغلق مشروع لديه فاتورة معلقة أو عهدة بلا قرار.","مدير المشاريع / PMO"
"PMO-10","المشاريع والموارد","أنواع العقود التشغيلية","P2","لم يبدأ","نعم","يمكن تتبع المستهلك والمتبقي حسب نوع العقد دون خلط.","مدير المشاريع / PMO"
"STR-01","الإستراتيجية والبحث","طلب البحث","P1","لم يبدأ","نعم","لا يبدأ البحث دون سؤال ومخرج وتاريخ صلاحية.","مدير الإستراتيجية"
"STR-02","الإستراتيجية والبحث","مصادر المعلومات","P1","لم يبدأ","نعم","كل حقيقة في العرض قابلة للرجوع إلى المصدر.","مدير الإستراتيجية"
"STR-04","الإستراتيجية والبحث","تحليل المنافسة","P1","لم يبدأ","نعم","لا تعرض بيانات قديمة دون تاريخ جمعها.","مدير الإستراتيجية"
"STR-10","الإستراتيجية والبحث","التعلم بعد الحملة","P2","لم يبدأ","نعم","تسجل الدروس القابلة لإعادة الاستخدام دون كشف بيانات عميل آخر.","مدير الإستراتيجية"
"CRT-01","الخدمات الإبداعية والمحتوى","طابور الطلبات","P1","لم يبدأ","نعم","تظهر الطلبات غير المقبولة بالنطاق قبل الإسناد.","المدير الإبداعي / المحتوى"
"CRT-03","الخدمات الإبداعية والمحتوى","المفاهيم الإبداعية","P1","لم يبدأ","نعم","يرتبط التنفيذ بالمفهوم الذي اعتمد فعليًا.","المدير الإبداعي / المحتوى"
"CRT-10","الخدمات الإبداعية والمحتوى","إعادة الاستخدام","P2","لم يبدأ","نعم","لا يعاد استخدام عمل حصري لعميل آخر دون إذن.","المدير الإبداعي / المحتوى"
"DIG-01","التسويق الرقمي والشراء الإعلامي","سجل الحسابات الإعلانية","P1","لم يبدأ","نعم","إلغاء تكليف موظف يزيل وصوله حسب سياسة واضحة.","مدير التسويق الرقمي"
"DIG-03","التسويق الرقمي والشراء الإعلامي","خطة الشراء الإعلامي","P1","لم يبدأ","نعم","يظهر إنفاق العميل منفصلًا عن أتعاب الشركة.","مدير التسويق الرقمي"
"DIG-04","التسويق الرقمي والشراء الإعلامي","الإعداد والقياس","P1","لم يبدأ","لا","اختبار تحويل تجريبي يصل للمصدر المتوقع قبل الإطلاق.","مدير التسويق الرقمي"
"DIG-05","التسويق الرقمي والشراء الإعلامي","اعتماد الإطلاق","P2","لم يبدأ","نعم","لا يطلق حساب غير مخول حملة مدفوعة.","مدير التسويق الرقمي"
"DIG-06","التسويق الرقمي والشراء الإعلامي","متابعة الإنفاق","P2","لم يبدأ","نعم","تنبيه تجاوز لا يزيد سقف الإنفاق تلقائيًا.","مدير التسويق الرقمي"
"DIG-07","التسويق الرقمي والشراء الإعلامي","تحسين الأداء","P2","لم يبدأ","نعم","يمكن فصل أثر تعديل محتوى عن تعديل استهداف.","مدير التسويق الرقمي"
"DIG-08","التسويق الرقمي والشراء الإعلامي","الرصد المجتمعي","P2","لم يبدأ","لا","الرد الحساس يبقى مسودة حتى اعتماد المخول.","مدير التسويق الرقمي"
"DIG-09","التسويق الرقمي والشراء الإعلامي","تقارير النتائج","P2","لم يبدأ","نعم","لا يجمع الوصول الفريد بين منصات دون بيان احتمال التكرار.","مدير التسويق الرقمي"
"DIG-10","التسويق الرقمي والشراء الإعلامي","إقفال الحملة","P2","لم يبدأ","نعم","تطابق إجمالي التكلفة المعتمدة مع مصدرها المالي.","مدير التسويق الرقمي"
"PR-01","العلاقات العامة والإعلام","قاعدة الإعلام","P1","لم يبدأ","لا","إلغاء الاشتراك أو عدم التواصل يمنع رسالة لاحقة.","مدير العلاقات الإعلامية"
"PR-02","العلاقات العامة والإعلام","الخطة الإعلامية","P1","لم يبدأ","لا","كل نشاط إعلامي مرتبط بمشروع ورسالة معتمدة.","مدير العلاقات الإعلامية"
"PR-03","العلاقات العامة والإعلام","البيانات الصحفية","P1","لم يبدأ","نعم","لا توزع نسخة قبل وقت الحظر أو من جهة غير مخولة.","مدير العلاقات الإعلامية"
"PR-04","العلاقات العامة والإعلام","إدارة المتحدثين","P1","لم يبدأ","نعم","يصل المتحدث إلى أحدث brief معتمد فقط.","مدير العلاقات الإعلامية"
"PR-05","العلاقات العامة والإعلام","تنسيق المقابلات","P2","لم يبدأ","نعم","يكشف تضارب مقابلة مع التزام إنتاج آخر.","مدير العلاقات الإعلامية"
"PR-06","العلاقات العامة والإعلام","الدعوات والاعتمادات","P2","لم يبدأ","نعم","كل تصريح له طالب ومخول وغرض وسجل تغيير.","مدير العلاقات الإعلامية"
"PR-07","العلاقات العامة والإعلام","الرصد والتغطية","P2","لم يبدأ","نعم","منع تكرار الخبر نفسه من رفع عدد التغطيات.","مدير العلاقات الإعلامية"
"PR-08","العلاقات العامة والإعلام","إدارة الأزمة","P2","لم يبدأ","نعم","لا يرسل رد أزمة آليًا من مساعد ذكي.","مدير العلاقات الإعلامية"
"PR-09","العلاقات العامة والإعلام","قياس الأثر","P2","لم يبدأ","نعم","كل رقم تقديري ظاهر بوصفه تقديرًا ومصدره.","مدير العلاقات الإعلامية"
"PR-10","العلاقات العامة والإعلام","الأرشفة","P2","لم يبدأ","نعم","يحصل العميل على حزمة مشروعه دون ملفات داخلية سرية.","مدير العلاقات الإعلامية"
"INF-01","التسويق عبر المؤثرين","سجل المؤثر","P1","لم يبدأ","لا","منع تكرار المؤثر بأسماء حسابات مختلفة دون ربط.","مدير المؤثرين / العلاقات"
"INF-02","التسويق عبر المؤثرين","التحقق والتأهيل","P1","لم يبدأ","نعم","المتطلبات النظامية تحددها مراجعة قانونية مؤرخة لا افتراض موحد.","مدير المؤثرين / العلاقات"
"INF-03","التسويق عبر المؤثرين","قوائم الترشيح","P1","لم يبدأ","نعم","اختيار المؤثر يحتفظ بمبرر وتقييم الحملة.","مدير المؤثرين / العلاقات"
"INF-04","التسويق عبر المؤثرين","التفاوض والعروض","P1","لم يبدأ","نعم","لا يتبدل السعر بعد الاعتماد دون أمر تغيير.","مدير المؤثرين / العلاقات"
"INF-05","التسويق عبر المؤثرين","العقد والحقوق","P2","لم يبدأ","نعم","لا تستخدم مادة المؤثر خارج الحقوق المسجلة.","مدير المؤثرين / العلاقات"
"INF-06","التسويق عبر المؤثرين","تكليف المحتوى","P2","لم يبدأ","نعم","يقر المؤثر باستلام النسخة الحالية من التكليف.","مدير المؤثرين / العلاقات"
"INF-07","التسويق عبر المؤثرين","الاعتماد قبل النشر","P2","لم يبدأ","نعم","لا يعد نشرًا معتمدًا مجرد رفع مسودة فيديو.","مدير المؤثرين / العلاقات"
"INF-08","التسويق عبر المؤثرين","إثبات التنفيذ","P2","لم يبدأ","نعم","لا يطلق استحقاق المورد دون تحقق من المخرجات المتعاقدة.","مدير المؤثرين / العلاقات"
"INF-09","التسويق عبر المؤثرين","القياس والمطابقة","P2","لم يبدأ","نعم","تمييز البيانات المصرح بها ذاتيًا عن بيانات المنصة.","مدير المؤثرين / العلاقات"
"INF-10","التسويق عبر المؤثرين","السداد والتقييم","P2","لم يبدأ","نعم","تغيير الحساب البنكي يخضع لتحقق مستقل قبل الدفع.","مدير المؤثرين / العلاقات"
"PRO-01","الإنتاج المرئي والفعاليات","ما قبل الإنتاج","P1","لم يبدأ","نعم","لا يحجز تصوير قبل اعتماد المعالجة والميزانية المطلوبة.","مدير الإنتاج / تشغيل الفعاليات"
"PRO-02","الإنتاج المرئي والفعاليات","الطاقم والمستقلون","P1","لم يبدأ","نعم","كل فرد له ارتباط بالمشروع وحقوق وموعد واضح.","مدير الإنتاج / تشغيل الفعاليات"
"PRO-03","الإنتاج المرئي والفعاليات","المواقع والتصاريح","P1","لم يبدأ","نعم","لا يصدر جدول تصوير نهائي مع تصريح لازم منتهي.","مدير الإنتاج / تشغيل الفعاليات"
"PRO-04","الإنتاج المرئي والفعاليات","المعدات","P1","لم يبدأ","نعم","لا يحجز أصل مخصص لموقع آخر في الفترة نفسها.","مدير الإنتاج / تشغيل الفعاليات"
"PRO-05","الإنتاج المرئي والفعاليات","جدول التصوير","P2","لم يبدأ","لا","أي تغيير جوهري يصل للطاقم ويؤكد استلامه.","مدير الإنتاج / تشغيل الفعاليات"
"PRO-07","الإنتاج المرئي والفعاليات","المونتاج والمراجعة","P2","لم يبدأ","نعم","تعليق النسخة السابقة لا يختلط بالنسخة الجديدة.","مدير الإنتاج / تشغيل الفعاليات"
"PRO-08","الإنتاج المرئي والفعاليات","تشغيل الفعاليات","P2","لم يبدأ","نعم","يوجد مسؤول وبديل لكل فقرة حرجة وسجل جاهزية.","مدير الإنتاج / تشغيل الفعاليات"
"PRO-10","الإنتاج المرئي والفعاليات","أرشيف الإنتاج","P2","لم يبدأ","نعم","يمكن استعادة مشروع إنتاج كامل من نسخة احتياطية مختبرة.","مدير الإنتاج / تشغيل الفعاليات"
"HR-01","رأس المال البشري — العمليات","السجل الوظيفي","P1","لم يبدأ","نعم","لا يحدث تغيير مسمى أو مدير دون نسخة تاريخية.","مدير رأس المال البشري"
"HR-02","رأس المال البشري — العمليات","العقود والوثائق","P1","لم يبدأ","نعم","تولد التنبيهات وفق العقد والقواعد السارية مع مستندها.","مدير رأس المال البشري"
"HR-03","رأس المال البشري — العمليات","الحضور والاستثناءات","P1","لم يبدأ","نعم","السجل الناقص لا يتحول تلقائيًا إلى خصم أو مخالفة.","مدير رأس المال البشري"
"HR-06","رأس المال البشري — العمليات","التغييرات الوظيفية","P1","لم يبدأ","نعم","لا تطبق زيادة قبل تاريخ السريان أو قبل اكتمال الاعتماد.","مدير رأس المال البشري"
"HR-07","رأس المال البشري — العمليات","علاقات الموظفين","P1","لم يبدأ","نعم","صلاحية القضية لا تمنح تلقائيًا لكل مدير أو مسؤول تقنية.","مدير رأس المال البشري"
"HR-09","رأس المال البشري — العمليات","الانتقال والمغادرة","P1","لم يبدأ","نعم","إيقاف الوصول في الوقت المحدد لا ينتظر اكتمال التسوية المالية.","مدير رأس المال البشري"
"HR-10","رأس المال البشري — العمليات","الامتثال والمتابعة","P1","لم يبدأ","نعم","لا تعرض المعاملة كمنفذة لدى الجهة الرسمية دون مرجع إثبات.","مدير رأس المال البشري"
"TAL-05","التوظيف والأداء والتطوير","دورة الأداء","P2","لم يبدأ","نعم","الأوزان تساوي 100% ولا يخلط تقييم القيم بمؤشرات النتائج.","رأس المال البشري / المديرون"
"TAL-06","التوظيف والأداء والتطوير","المعايرة والتظلم","P2","لم يبدأ","نعم","تغيير الدرجة يحتفظ بالقيمة السابقة والمبرر والمخول.","رأس المال البشري / المديرون"
"TAL-07","التوظيف والأداء والتطوير","التعلم","P2","لم يبدأ","نعم","لا تقاس فعالية التدريب بالحضور وحده.","رأس المال البشري / المديرون"
"TAL-08","التوظيف والأداء والتطوير","خطة التطوير","P2","لم يبدأ","نعم","لكل فجوة إجراء وأجل ودليل تحسن متفق عليه.","رأس المال البشري / المديرون"
"TAL-09","التوظيف والأداء والتطوير","التعاقب والمسار","P2","لم يبدأ","نعم","بيانات التعاقب لا تظهر في ملف الموظف العام.","رأس المال البشري / المديرون"
"TAL-10","التوظيف والأداء والتطوير","الترابط لا الأتمتة العمياء","P2","لم يبدأ","لا","لا يصدر قرار مؤثر على الموظف من تصويت أو نموذج AI وحده.","رأس المال البشري / المديرون"
"PAY-01","الرواتب والمزايا","قواعد مؤرخة","P1","لم يبدأ","لا","إعادة احتساب شهر سابق تستخدم قواعده لا القواعد الجديدة.","HR / المالية / مسؤول الرواتب"
"PAY-02","الرواتب والمزايا","تصنيف الاشتراك","P1","لم يبدأ","نعم","حالات مختلفة تطابق ملف التأمينات المعتمد.","HR / المالية / مسؤول الرواتب"
"PAY-03","الرواتب والمزايا","مدخلات المسير","P1","لم يبدأ","نعم","لا تدخل معاملة غير معتمدة أو مكررة في المسير.","HR / المالية / مسؤول الرواتب"
"PAY-04","الرواتب والمزايا","الأثر الرجعي","P1","لم يبدأ","نعم","إعادة التشغيل تعطي فرقًا معتمدًا لا راتبًا ثانيًا.","HR / المالية / مسؤول الرواتب"
"PAY-05","الرواتب والمزايا","المراجعة المزدوجة","P1","لم يبدأ","لا","المستخدم نفسه لا يكمل جميع الأدوار على المسير ذاته.","HR / المالية / مسؤول الرواتب"
"PAY-06","الرواتب والمزايا","التحقق المالي","P1","لم يبدأ","لا","كل فرق يتجاوز الحد المتفق عليه له تبرير قبل الاعتماد.","HR / المالية / مسؤول الرواتب"
"PAY-07","الرواتب والمزايا","حماية الأجور والدفع","P1","لم يبدأ","نعم","ملف CSV داخلي لا يصنف قبولًا مصرفيًا أو امتثالًا رسميًا.","HR / المالية / مسؤول الرواتب"
"PAY-08","الرواتب والمزايا","قسائم الرواتب","P1","لم يبدأ","نعم","الموظف لا يحصل على قسيمة موظف آخر عبر الرابط المباشر.","HR / المالية / مسؤول الرواتب"
"PAY-09","الرواتب والمزايا","التسوية النهائية","P1","لم يبدأ","نعم","حالات الاستقالة وغيرها لا تعتمد على معادلة واحدة بلا تصنيف.","HR / المالية / مسؤول الرواتب"
"PAY-10","الرواتب والمزايا","مخصصات المزايا","P1","لم يبدأ","نعم","تتطابق المخصصات مع السياسة المالية والبيانات المعتمدة.","HR / المالية / مسؤول الرواتب"
"FIN-07","المالية والتحصيل والرقابة","السيولة والبنوك","P1","لم يبدأ","لا","زر معتمد لا يعني أن البنك نفذ التحويل.","مدير المالية"
"FIN-08","المالية والتحصيل والرقابة","الضرائب والفوترة","P1","لم يبدأ","نعم","لا تعتبر محاكاة القبول في النظام فاتورة معتمدة.","مدير المالية"
"FIN-10","المالية والتحصيل والرقابة","قرار الإحلال","P1","لم يبدأ","لا","لا يلغى النظام المالي القائم قبل توقيع المالية على بوابة القبول.","مدير المالية"
"PRC-02","المشتريات والموردون","تأهيل المورد","P1","لم يبدأ","نعم","مورد غير معتمد لا يدخل دورة دفع عادية.","مدير المشتريات / المالية"
"PRC-07","المشتريات والموردون","الشراء الطارئ","P2","لم يبدأ","نعم","الطوارئ لا تلغي التسجيل أو مراجعة تضارب المصالح.","مدير المشتريات / المالية"
"PRC-08","المشتريات والموردون","تعديل الأمر","P2","لم يبدأ","نعم","الأمر المعدل لا يمحو النسخة السابقة.","مدير المشتريات / المالية"
"PRC-09","المشتريات والموردون","بيانات الدفع","P2","لم يبدأ","نعم","طالب تغيير الحساب لا يعتمد التغيير وينفذ الدفع وحده.","مدير المشتريات / المالية"
"PRC-10","المشتريات والموردون","أداء المورد","P2","لم يبدأ","نعم","المورد المحظور لا يعاد اختياره دون رفع حظر مصدق.","مدير المشتريات / المالية"
"LEG-01","القانونية والخصوصية والملكية الفكرية","سجل العقود","P1","لم يبدأ","نعم","كل موعد تجديد له تنبيه حسب نص العقد لا مدة عامة.","القانونية / الخصوصية / الحوكمة"
"LEG-02","القانونية والخصوصية والملكية الفكرية","مراجعة وتوقيع","P1","لم يبدأ","نعم","النسخة الموقعة تطابق النسخة المعتمدة بلا تعديل لاحق.","القانونية / الخصوصية / الحوكمة"
"LEG-04","القانونية والخصوصية والملكية الفكرية","التراخيص والتصاريح","P1","لم يبدأ","نعم","المستندات المطلوبة تحدد بعد تحقق قانوني للحالة.","القانونية / الخصوصية / الحوكمة"
"LEG-05","القانونية والخصوصية والملكية الفكرية","الخصوصية","P1","لم يبدأ","نعم","لكل معالجة حساسة غرض ومالك وضوابط معتمدة.","القانونية / الخصوصية / الحوكمة"
"LEG-06","القانونية والخصوصية والملكية الفكرية","الاحتفاظ والحقوق","P1","لم يبدأ","لا","الإتلاف يتوقف عند وجود نزاع أو التزام حفظ واجب.","القانونية / الخصوصية / الحوكمة"
"LEG-07","القانونية والخصوصية والملكية الفكرية","النقل الخارجي","P1","لم يبدأ","نعم","لا يستخدم مزود جديد قبل قبول مسار البيانات وشروطه.","القانونية / الخصوصية / الحوكمة"
"LEG-08","القانونية والخصوصية والملكية الفكرية","النزاعات والبلاغات","P1","لم يبدأ","نعم","صلاحية القضية تمنح للحاجة ولا تورث من مدير النظام.","القانونية / الخصوصية / الحوكمة"
"LEG-09","القانونية والخصوصية والملكية الفكرية","الالتزامات التنظيمية","P1","لم يبدأ","نعم","كل ادعاء امتثال له مادة ومتطلب ودليل وتاريخ مراجعة.","القانونية / الخصوصية / الحوكمة"
"LEG-10","القانونية والخصوصية والملكية الفكرية","إدارة الحوادث","P1","لم يبدأ","نعم","تجربة محاكاة تثبت القدرة على كشف وتسلسل ومعالجة الحادث.","القانونية / الخصوصية / الحوكمة"
"IT-04","تقنية المعلومات والأمن","الأجهزة والتراخيص","P1","لم يبدأ","نعم","تطابق العهدة مع الموظف وموقع الأصل وتاريخ الإعادة.","مسؤول التقنية / الأمن"
"IT-06","تقنية المعلومات والأمن","النشر والتغيير","P1","لم يبدأ","نعم","تعطل اختبار حساس يمنع النشر للإنتاج.","مسؤول التقنية / الأمن"
"IT-07","تقنية المعلومات والأمن","الرصد","P1","لم يبدأ","نعم","تجربة فشل تولد تنبيهًا للمسؤول دون كشف بيانات حساسة.","مسؤول التقنية / الأمن"
"IT-10","تقنية المعلومات والأمن","الاستجابة والتعافي","P1","لم يبدأ","نعم","يمكن استعادة الخدمات الحرجة دون الاعتماد على شخص واحد.","مسؤول التقنية / الأمن"
"ADM-01","الشؤون الإدارية والمرافق","المرافق والصيانة","P1","لم يبدأ","نعم","كل عطل له أولوية ومسؤول وتاريخ حل وسجل تكرار.","الخدمات المشتركة / الإدارة"
"ADM-02","الشؤون الإدارية والمرافق","القاعات والحجوزات","P1","لم يبدأ","نعم","لا يتعارض حجزان مؤكدان للقاعة نفسها.","الخدمات المشتركة / الإدارة"
"ADM-03","الشؤون الإدارية والمرافق","الضيوف والدخول","P1","لم يبدأ","نعم","ينتهي تصريح الدخول تلقائيًا بنهاية الغرض المصرح.","الخدمات المشتركة / الإدارة"
"ADM-04","الشؤون الإدارية والمرافق","السفر والانتداب","P1","لم يبدأ","نعم","الصرف يربط بالمهمة وموافقاتها ولا يكرر في المطالبة.","الخدمات المشتركة / الإدارة"
"ADM-05","الشؤون الإدارية والمرافق","المصروفات والعهد","P2","لم يبدأ","نعم","لا تصرف عهدة جديدة خلاف السياسة مع عهدة متأخرة دون استثناء.","الخدمات المشتركة / الإدارة"
"ADM-06","الشؤون الإدارية والمرافق","المراسلات الرسمية","P2","لم يبدأ","نعم","يمكن إثبات النسخة التي خرجت باسم الشركة.","الخدمات المشتركة / الإدارة"
"ADM-07","الشؤون الإدارية والمرافق","المخزون الخفيف","P2","لم يبدأ","نعم","إصدار المواد لمشروع يحدّث الرصيد والتكلفة.","الخدمات المشتركة / الإدارة"
"ADM-08","الشؤون الإدارية والمرافق","الاشتراكات والعقود","P2","لم يبدأ","نعم","تنبيه يجمع العقود المتكررة لتجنب التجديد المزدوج.","الخدمات المشتركة / الإدارة"
"ADM-09","الشؤون الإدارية والمرافق","السلامة والطوارئ","P2","لم يبدأ","نعم","كل ملاحظة سلامة عالية الأثر لها إجراء ومالك قبل الفعالية.","الخدمات المشتركة / الإدارة"
"ADM-10","الشؤون الإدارية والمرافق","مستوى الخدمة","P2","لم يبدأ","نعم","يرى طالب الخدمة متطلبات الخدمة قبل إرسال الطلب.","الخدمات المشتركة / الإدارة"
"EXP-01","التواصل الداخلي وتجربة الموظف","المحتوى الداخلي","P1","لم يبدأ","نعم","لا ينشر خبر حساس دون اعتماد صاحب المعلومة.","رأس المال البشري / التواصل الداخلي"
"EXP-02","التواصل الداخلي وتجربة الموظف","محرك الاستبانات","P1","لم يبدأ","نعم","لا يغير سؤال بعد بدء الإجابات دون نسخة جديدة.","رأس المال البشري / التواصل الداخلي"
"EXP-03","التواصل الداخلي وتجربة الموظف","قياس الفعاليات","P1","لم يبدأ","نعم","لا تخلط إجابات فعاليتين في التقرير نفسه.","رأس المال البشري / التواصل الداخلي"
"EXP-04","التواصل الداخلي وتجربة الموظف","التقدير الشهري","P1","لم يبدأ","نعم","لا يحول التصويت تلقائيًا إلى استحقاق ترقية أو جزاء.","رأس المال البشري / التواصل الداخلي"
"EXP-05","التواصل الداخلي وتجربة الموظف","القيم والثقافة","P2","لم يبدأ","نعم","تظهر حدود تفسير النتيجة عند قلة المشاركة.","رأس المال البشري / التواصل الداخلي"
"EXP-06","التواصل الداخلي وتجربة الموظف","اللقاءات الفردية","P2","لم يبدأ","نعم","الملاحظات الشخصية لا تظهر في لوحة قيادة عامة.","رأس المال البشري / التواصل الداخلي"
"EXP-07","التواصل الداخلي وتجربة الموظف","صوت الموظف","P2","لم يبدأ","نعم","الجمهور لا يقرأ السجل الكامل بعد الإرسال أو أثناءه.","رأس المال البشري / التواصل الداخلي"
"EXP-08","التواصل الداخلي وتجربة الموظف","رحلة الترحيب","P2","لم يبدأ","نعم","المحتوى التفاعلي مرتبط بإنجاز حقيقي لا زيارة صفحة فقط.","رأس المال البشري / التواصل الداخلي"
"EXP-09","التواصل الداخلي وتجربة الموظف","التوقيع والهوية","P2","لم يبدأ","لا","ترقية الموظف تحدث القالب دون تعديل يدوي متضارب.","رأس المال البشري / التواصل الداخلي"
"EXP-10","التواصل الداخلي وتجربة الموظف","التوديع والمعرفة","P2","لم يبدأ","نعم","بطاقة التوديع لا تنشر مستحقات أو سبب إنهاء الخدمة.","رأس المال البشري / التواصل الداخلي"
"DAT-01","البيانات والتحليلات والذكاء الاصطناعي","قاموس المؤشرات","P1","لم يبدأ","نعم","نسبة الحضور والتوطين والهامش تطابق التعريف نفسه بكل لوحة.","مالك البيانات / التحليلات"
"DAT-02","البيانات والتحليلات والذكاء الاصطناعي","جودة البيانات","P1","لم يبدأ","نعم","لا تختفي السجلات الفاشلة؛ تدخل قائمة معالجة بمالك.","مالك البيانات / التحليلات"
"DAT-03","البيانات والتحليلات والذكاء الاصطناعي","اللقطات الدورية","P1","لم يبدأ","نعم","تعديل المصدر لاحقًا لا يعيد كتابة التقرير المنشور بصمت.","مالك البيانات / التحليلات"
"DAT-04","البيانات والتحليلات والذكاء الاصطناعي","التحليل المالي","P1","لم يبدأ","نعم","يمكن تفسير كل عنصر تكلفة والانتقال إلى مصدره.","مالك البيانات / التحليلات"
"DAT-05","البيانات والتحليلات والذكاء الاصطناعي","تحليل الطاقة","P2","لم يبدأ","لا","لا تقاس إنتاجية موظف بعدد النقرات أو الرسائل وحده.","مالك البيانات / التحليلات"
"DAT-06","البيانات والتحليلات والذكاء الاصطناعي","البحث المؤسسي","P2","لم يبدأ","نعم","مستخدم لا يجد عنوان مستند لا يحق له الاطلاع عليه.","مالك البيانات / التحليلات"
"DAT-07","البيانات والتحليلات والذكاء الاصطناعي","مساعد المعرفة","P2","لم يبدأ","نعم","لا يختلق سياسة ولا يستخدم وثيقة ملغاة كقاعدة حالية.","مالك البيانات / التحليلات"
"DAT-08","البيانات والتحليلات والذكاء الاصطناعي","مساعد المعاملات","P2","لم يبدأ","لا","لا يرسل أو يدفع أو يرفض مرشحًا دون تفويض بشري مناسب.","مالك البيانات / التحليلات"
"DAT-09","البيانات والتحليلات والذكاء الاصطناعي","حوكمة AI","P2","لم يبدأ","نعم","تعليمات داخل ملف لا تغير صلاحيات المساعد أو تسمح بتصدير بيانات.","مالك البيانات / التحليلات"
"DAT-10","البيانات والتحليلات والذكاء الاصطناعي","قياس العائد","P2","لم يبدأ","نعم","كل وفورات معلنة لها قياس قبل وبعد لا تقدير تسويقي فقط.","مالك البيانات / التحليلات"
"NFR-03","الجودة والاستدامة والتشغيل","الأداء","P1","لم يبدأ","لا","تعتمد الأهداف بعد قياس عدد المستخدمين والملفات لا افتراض تسويقي.","ضمان الجودة / التقنية / ملاك الأعمال"
"NFR-08","الجودة والاستدامة والتشغيل","الترحيل","P1","لم يبدأ","لا","لا يبدأ القطع قبل مطابقة العينات والأعداد والمبالغ المعتمدة.","ضمان الجودة / التقنية / ملاك الأعمال"
"NFR-09","الجودة والاستدامة والتشغيل","التبني والدعم","P1","لم يبدأ","نعم","المستخدم ينجز سيناريوهاته الأساسية في اختبار قبول الأعمال.","ضمان الجودة / التقنية / ملاك الأعمال"
