"الإدارة","القطاع","القسم","الرمز","الخدمة","الوصف","الحقول","مسار الاعتماد","المنفذ","المتطلبات","حالة المتطلبات"
"رأس المال البشري","قطاع الخدمات المؤسسية","الشهادات والخطابات","HR-SALARY-CERT","تعريف بالراتب","طلب تعريف بالراتب لجهة محددة. يراجع HR البيانات؛ لا يصدر مستند رسمي تلقائيًا.","الجهة الموجه إليها | لغة التعريف | إظهار تفاصيل الراتب | ملاحظات","معتمد الموارد البشرية","hr","HR-05","قيد التنفيذ"
"رأس المال البشري","قطاع الخدمات المؤسسية","البيانات والوثائق","HR-PROFILE-UPDATE","تحديث البيانات والوثائق الشخصية","تحديث بيانات التواصل أو الوثائق مثل الهوية والجواز والمؤهل. أرفق الوثيقة المحدثة.","نوع التحديث | البيانات الجديدة | تاريخ انتهاء الوثيقة","معتمد الموارد البشرية","hr","HR-01 HR-02","لم يبدأ | لم يبدأ"
"رأس المال البشري","قطاع الخدمات المؤسسية","الحضور والدوام","HR-ATTENDANCE-FIX","تصحيح حضور أو استئذان","تصحيح بصمة، استئذان، أو عمل خارج المكتب. يعتمد المدير ثم HR.","نوع الطلب | التاريخ | من الساعة | إلى الساعة | السبب","المدير المباشر ← معتمد الموارد البشرية","hr","HR-03","لم يبدأ"
"رأس المال البشري","قطاع الخدمات المؤسسية","الحضور والدوام","HR-OVERTIME","اعتماد عمل إضافي","ساعات عمل إضافية مسبقة أو لاحقة. الاعتماد مدخل للمسير ولا يصرف مبلغًا.","تاريخ العمل | عدد الساعات | المشروع أو المهمة | المبرر","المدير المباشر ← معتمد الموارد البشرية","hr","HR-03 PAY-03","لم يبدأ | لم يبدأ"
"رأس المال البشري","قطاع الخدمات المؤسسية","المسار الوظيفي","HR-JOB-CHANGE","تغيير وظيفي","نقل أو ترقية أو تعديل مسمى أو مدير مباشر. يرفعه المدير ويعتمده HR.","اسم الموظف | نوع التغيير | القيمة الجديدة | تاريخ السريان | المبرر","معتمد الموارد البشرية","hr","HR-06","لم يبدأ"
"رأس المال البشري","قطاع الخدمات المؤسسية","علاقات الموظفين","HR-GRIEVANCE","شكوى أو تظلم سري","يصل إلى HR مباشرة دون المرور بالمدير. يطلع عليه صاحب الطلب وHR فقط.","التصنيف | الوصف | المطلوب","معتمد الموارد البشرية","hr","HR-07 EXP-07","لم يبدأ | لم يبدأ"
"رأس المال البشري","قطاع الخدمات المؤسسية","الانضمام والمغادرة","HR-RESIGNATION","استقالة وإخلاء طرف","تقديم الاستقالة وبدء إخلاء الطرف. التسوية النهائية تحتسب لاحقًا ولا تصرف من الطلب.","آخر يوم عمل مقترح | سبب الاستقالة | حالة تسليم المهام","المدير المباشر ← معتمد الموارد البشرية","hr","HR-09 PAY-09","لم يبدأ | لم يبدأ"
"رأس المال البشري","قطاع الخدمات المؤسسية","الرواتب والمزايا","HR-BENEFIT-CLAIM","مطالبة مزايا أو تأمين طبي","إضافة تابع للتأمين، بدل، أو مطالبة مزايا. أرفق المستندات الداعمة.","نوع الميزة | المبلغ المطلوب بالريال | التفاصيل","المدير المباشر ← معتمد الموارد البشرية","hr","PAY-10","لم يبدأ"
"رأس المال البشري","قطاع الخدمات المؤسسية","الرواتب والمزايا","HR-PAYROLL-INQUIRY","استفسار أو تصحيح في الراتب","ملاحظة على مسير أو قسيمة شهر محدد. يتحقق HR ويوثق النتيجة.","الشهر (YYYY-MM) | نوع الملاحظة | الفرق المتوقع بالريال | التفاصيل","معتمد الموارد البشرية","hr","PAY-03 PAY-08","لم يبدأ | لم يبدأ"
"رأس المال البشري","قطاع الخدمات المؤسسية","الرواتب والمزايا","HR-SALARY-ADVANCE","سلفة على الراتب","طلب سلفة بخطة سداد. الاعتماد لا يحول مبلغًا.","المبلغ بالريال | عدد أشهر السداد | السبب","المدير المباشر ← معتمد الموارد البشرية","hr","PAY-03","لم يبدأ"
"رأس المال البشري","قطاع الخدمات المؤسسية","التطوير والأداء","TAL-TRAINING","طلب تدريب أو شهادة مهنية","دورة أو مؤتمر أو شهادة مرتبطة بخطة التطوير.","اسم البرنامج | الجهة المقدمة | تاريخ البداية | تاريخ النهاية | التكلفة بالريال | الأثر على الأداء أو خطة التطوير","المدير المباشر ← معتمد الموارد البشرية","hr","TAL-07 TAL-08","لم يبدأ | لم يبدأ"
"رأس المال البشري","قطاع الخدمات المؤسسية","التطوير والأداء","TAL-PERFORMANCE-REVIEW","طلب مراجعة أو معايرة تقييم الأداء","طلب مراجعة تقييم دوري أو اجتماع معايرة، مع الأدلة.","فترة التقييم | نوع الطلب | الأدلة والمبررات","المدير المباشر ← معتمد الموارد البشرية","hr","TAL-05 TAL-06","لم يبدأ | لم يبدأ"
"تقنية المعلومات","قطاع الخدمات المؤسسية","الحسابات والصلاحيات","IT-ACCESS","طلب صلاحية نظام","منح أو تعديل أو سحب صلاحية. يعتمد المدير ويحدد مدة الوصول.","النظام | الإجراء | مستوى الصلاحية | تنتهي الصلاحية في | المبرر","المدير المباشر ← معتمد تقنية المعلومات","it","IT-02","قيد التنفيذ"
"تقنية المعلومات","قطاع الخدمات المؤسسية","الأجهزة والبرامج","IT-DEVICE","طلب جهاز أو ملحقات","حاسب أو شاشة أو هاتف أو ملحقات، مع تسجيل العهدة عند التسليم.","نوع الجهاز | السبب | المواصفات المطلوبة","المدير المباشر ← معتمد تقنية المعلومات","it","IT-04","لم يبدأ"
"تقنية المعلومات","قطاع الخدمات المؤسسية","الأجهزة والبرامج","IT-SOFTWARE","طلب برنامج أو ترخيص","ترخيص برنامج أو اشتراك سحابي، مع تحقق من الترخيص والأمن.","اسم البرنامج | نوع الترخيص | عدد المستخدمين | التكلفة التقديرية بالريال | الاستخدام","المدير المباشر ← معتمد تقنية المعلومات","it","IT-04","لم يبدأ"
"تقنية المعلومات","قطاع الخدمات المؤسسية","الأمن السيبراني","IT-SECURITY-INCIDENT","بلاغ أمني","رسالة احتيال، فقد جهاز، اشتباه اختراق. يصل مباشرة إلى الدعم التقني.","نوع البلاغ | تاريخ الحدوث | ماذا حدث | الأولوية","معتمد تقنية المعلومات","it","IT-10 LEG-10","لم يبدأ | لم يبدأ"
"تقنية المعلومات","قطاع الخدمات المؤسسية","الحسابات والصلاحيات","IT-NEW-ACCOUNT","تجهيز حسابات موظف جديد","بريد وحسابات وأجهزة لموظف جديد قبل مباشرته.","اسم الموظف الجديد | الإدارة | تاريخ المباشرة | الأنظمة المطلوبة","معتمد تقنية المعلومات","it","IT-02","قيد التنفيذ"
"إدارة الخدمات الإبداعية","قطاع النمو والقنوات","التصميم","CRT-DESIGN","طلب تصميم","تصميم داخلي أو لعميل بموجز واضح وموعد تسليم.","نوع التصميم | الموجز | المقاسات والصيغ | موعد التسليم","المدير المباشر","manager","CRT-01 CRT-02","لم يبدأ | قيد التنفيذ"
"إدارة الخدمات الإبداعية","قطاع النمو والقنوات","المحتوى والكتابة","CRT-CONTENT","طلب كتابة محتوى","نصوص ومقالات وسيناريوهات مع جمهور ونبرة محددين.","نوع المحتوى | الجمهور المستهدف | اللغة | الموجز والرسائل الرئيسية | موعد التسليم","المدير المباشر","manager","CRT-03","لم يبدأ"
"مكتب الرئيس التنفيذي","الرئاسة التنفيذية","المرافق والصيانة","ADM-MAINTENANCE","صيانة وإصلاح","عطل في المكتب أو المرافق: تكييف، كهرباء، سباكة، أثاث.","التصنيف | الموقع | وصف العطل | الأولوية","مدير الإدارة","manager","ADM-01 ADM-10","لم يبدأ | لم يبدأ"
"مكتب الرئيس التنفيذي","الرئاسة التنفيذية","الحجوزات","ADM-ROOM-BOOKING","حجز قاعة اجتماعات","حجز قاعة بتاريخ ووقت وعدد حضور وتجهيزات.","القاعة المفضلة | التاريخ | من الساعة | إلى الساعة | عدد الحضور | التجهيزات","مدير الإدارة","manager","ADM-02","لم يبدأ"
"مكتب الرئيس التنفيذي","الرئاسة التنفيذية","الزوار والدخول","ADM-VISITOR","تصريح دخول زائر","تسجيل زائر مسبقًا مع المضيف والغرض.","اسم الزائر | الجهة | تاريخ الزيارة | وقت الوصول | غرض الزيارة","المدير المباشر ← مدير الإدارة","manager","ADM-03","لم يبدأ"
"مكتب الرئيس التنفيذي","الرئاسة التنفيذية","السفر والتنقل","ADM-TRAVEL","سفر وانتداب","انتداب داخلي أو خارجي بتذاكر وسكن. لا يحجز أو يصرف تلقائيًا.","الوجهة | تاريخ المغادرة | تاريخ العودة | نوع السفر | المطلوب | المشروع أو العميل | الغرض","المدير المباشر ← مدير الإدارة","manager","ADM-04","لم يبدأ"
"مكتب الرئيس التنفيذي","الرئاسة التنفيذية","المصروفات والعهد","ADM-EXPENSE-CLAIM","مطالبة مصروفات","استرداد مصروف عمل مع إرفاق الفاتورة. الاعتماد لا يحول مبلغًا.","تاريخ المصروف | التصنيف | المبلغ بالريال شامل الضريبة | المشروع أو مركز التكلفة | الوصف","المدير المباشر ← مدير الإدارة","manager","ADM-05","لم يبدأ"
"مكتب الرئيس التنفيذي","الرئاسة التنفيذية","المستلزمات","ADM-SUPPLIES","قرطاسية ومستلزمات مكتبية","صرف مستلزمات من المخزون الخفيف.","الأصناف والكميات | موقع التسليم","مدير الإدارة","manager","ADM-07","لم يبدأ"
"مكتب الرئيس التنفيذي","الرئاسة التنفيذية","المراسلات الرسمية","ADM-OUTGOING-LETTER","مراسلة رسمية صادرة","خطاب صادر باسم الشركة لجهة خارجية، يقيد برقم صادر بعد الاعتماد.","الجهة المرسل إليها | الموضوع | مسودة النص | جهة التوقيع","المدير المباشر ← مدير الإدارة","manager","ADM-06","لم يبدأ"
"مكتب الرئيس التنفيذي","الرئاسة التنفيذية","السلامة","ADM-SAFETY","بلاغ سلامة","خطر سلامة أو حادث في موقع العمل.","نوع البلاغ | الموقع | الوصف | الأولوية","مدير الإدارة","manager","ADM-09","لم يبدأ"
"مكتب الرئيس التنفيذي","الرئاسة التنفيذية","العقود التشغيلية","ADM-SUBSCRIPTION","تجديد اشتراك أو عقد خدمة","تجديد عقد نظافة أو أمن أو اشتراك تشغيلي قبل انتهائه.","المورد | تاريخ الانتهاء | التكلفة السنوية بالريال | ملاحظات الأداء والتجديد","مدير الإدارة","manager","ADM-08","لم يبدأ"
"المالية","قطاع الخدمات المؤسسية","المدفوعات","FIN-PAYMENT-REQUEST","طلب صرف لمورد","طلب صرف مستحق مورد مطابق لأمر شراء وفاتورة. لا دفع بنكي من المنصة.","المورد | رقم فاتورة المورد | المبلغ بالريال | رقم أمر الشراء | تاريخ الاستحقاق | مركز التكلفة أو المشروع","المدير المباشر ← مدير الإدارة","manager","FIN-05","قيد التنفيذ"
"المالية","قطاع الخدمات المؤسسية","المدفوعات","FIN-CUSTODY","طلب عهدة نقدية أو تسويتها","فتح عهدة مؤقتة أو تسويتها بالفواتير.","الإجراء | المبلغ بالريال | الغرض | موعد التسوية","المدير المباشر ← مدير الإدارة","manager","ADM-05 FIN-06","لم يبدأ | قيد التنفيذ"
"المالية","قطاع الخدمات المؤسسية","الفوترة والتحصيل","FIN-CLIENT-INVOICE","طلب إصدار فاتورة لعميل","فوترة مرحلة أو دفعة وفق العقد والتسليم. يصدر المالي الفاتورة الرسمية خارج المنصة.","العميل | رقم العقد أو العرض | المرحلة أو الدفعة | المبلغ قبل الضريبة بالريال | حالة التسليم | ملاحظات","مدير الإدارة","manager","FIN-03 FIN-08 ACC-08","قيد التنفيذ | لم يبدأ | قيد التنفيذ"
"المالية","قطاع الخدمات المؤسسية","الميزانيات","FIN-BUDGET-TRANSFER","مناقلة ميزانية","نقل مبلغ بين بنود أو مراكز تكلفة بمبرر.","من بند أو مركز | إلى بند أو مركز | المبلغ بالريال | المبرر","مدير الإدارة","manager","FIN-02 GOV-05","قيد التنفيذ | لم يبدأ"
"المالية","قطاع الخدمات المؤسسية","الفوترة والتحصيل","FIN-COLLECTION-FOLLOWUP","متابعة تحصيل متأخر","تصعيد فاتورة متأخرة السداد لخطة تحصيل موثقة.","العميل | رقم الفاتورة | المبلغ المتأخر بالريال | أيام التأخر | التواصل السابق","مدير الإدارة","manager","FIN-03 FIN-04","قيد التنفيذ | قيد التنفيذ"
"المشتريات","قطاع الخدمات المؤسسية","طلبات الشراء","PRC-PURCHASE-REQUEST","طلب شراء","احتياج شراء بمواصفات وكمية وميزانية. تُطلب العروض بعد الاعتماد.","الأصناف أو الخدمة والمواصفات | الكمية | التكلفة التقديرية بالريال | المشروع أو مركز التكلفة | مطلوب قبل | مورد مقترح","المدير المباشر ← مدير الإدارة","manager","PRC-01 PRC-03","قيد التنفيذ | قيد التنفيذ"
"المشتريات","قطاع الخدمات المؤسسية","الموردون","PRC-VENDOR-REGISTRATION","تسجيل مورد جديد","إضافة مورد بعد تحقق السجل التجاري والضريبي والتقييم.","اسم المورد | رقم السجل التجاري | الرقم الضريبي | الفئة | سبب الترشيح وتقييم أولي","مدير الإدارة","manager","PRC-02 PRC-10","لم يبدأ | لم يبدأ"
"الحوكمة والالتزام والمخاطر","قطاع الخدمات المؤسسية","العقود والاتفاقيات","LEG-CONTRACT-REVIEW","مراجعة عقد","مراجعة عقد عميل أو مورد قبل التوقيع. أرفق المسودة.","الطرف الآخر | نوع العقد | قيمة العقد بالريال | موعد التوقيع المستهدف | نقاط تحتاج انتباه","مدير الإدارة","manager","LEG-01 LEG-02","لم يبدأ | لم يبدأ"
"الحوكمة والالتزام والمخاطر","قطاع الخدمات المؤسسية","العقود والاتفاقيات","LEG-NDA","اتفاقية عدم إفصاح","إعداد أو مراجعة اتفاقية سرية.","الطرف الآخر | الاتجاه | غرض الإفصاح | المدة بالسنوات","مدير الإدارة","manager","LEG-02","لم يبدأ"
"الحوكمة والالتزام والمخاطر","قطاع الخدمات المؤسسية","الاستشارات","LEG-CONSULTATION","استشارة قانونية","سؤال قانوني أو تنظيمي داخلي.","الموضوع | السؤال والسياق | الأولوية","مدير الإدارة","manager","LEG-09","لم يبدأ"
"الحوكمة والالتزام والمخاطر","قطاع الخدمات المؤسسية","الخصوصية والامتثال","LEG-PRIVACY-REQUEST","طلب يتعلق بالبيانات الشخصية","طلب صاحب بيانات، نقل خارجي، أو مشاركة بيانات وفق نظام حماية البيانات الشخصية.","نوع الطلب | الوصف | الموعد النظامي","مدير الإدارة","manager","LEG-05 LEG-07","لم يبدأ | لم يبدأ"
"الحوكمة والالتزام والمخاطر","قطاع الخدمات المؤسسية","الملكية الفكرية","LEG-IP-RIGHTS","حقوق ملكية فكرية أو علامة","تسجيل علامة، التحقق من حقوق استخدام أصل، أو اعتراض.","نوع الطلب | الأصل أو العلامة | التفاصيل","مدير الإدارة","manager","LEG-03 CRT-07","قيد التنفيذ | قيد التنفيذ"
"الحوكمة والالتزام والمخاطر","قطاع الخدمات المؤسسية","البلاغات والنزاعات","LEG-WHISTLEBLOW","بلاغ مخالفة أو نزاع","بلاغ مخالفة نظامية أو نزاع مع طرف خارجي. يصل إلى القانونية مباشرة.","التصنيف | الوصف والأدلة | الأولوية","مدير الإدارة","manager","LEG-08 GOV-10","لم يبدأ | لم يبدأ"
"الحوكمة والالتزام والمخاطر","قطاع الخدمات المؤسسية","التراخيص والتصاريح","LEG-LICENSE-PERMIT","ترخيص أو تصريح حكومي","تصريح تصوير أو فعالية أو ترخيص نشاط قبل الموعد.","نوع التصريح | الجهة الحكومية | مطلوب قبل | التفاصيل","مدير الإدارة","manager","LEG-04","لم يبدأ"
"التواصل الداخلي","قطاع النمو والقنوات","التواصل الداخلي","EXP-ANNOUNCEMENT","نشر تعميم داخلي","تعميم أو خبر داخلي يراجع لغويًا ويعتمد قبل النشر.","عنوان التعميم | الجمهور | النص | تاريخ النشر","المدير المباشر ← مدير الإدارة","manager","EXP-01","لم يبدأ"
"التواصل الداخلي","قطاع النمو والقنوات","صوت الموظف","EXP-SURVEY","إطلاق استبيان","استبيان رضا أو نبض أو تقييم فعالية.","عنوان الاستبيان | الجمهور | الأسئلة | تاريخ الإغلاق | سرية الإجابات","مدير الإدارة","manager","EXP-02","لم يبدأ"
"التواصل الداخلي","قطاع النمو والقنوات","التقدير والثقافة","EXP-RECOGNITION","ترشيح موظف الشهر","ترشيح زميل مع قيمة من قيم الشركة وأثر ملموس.","اسم المرشح | الشهر | القيمة | الأثر والأمثلة","مدير الإدارة","manager","EXP-04 EXP-05","لم يبدأ | لم يبدأ"
"التواصل الداخلي","قطاع النمو والقنوات","صوت الموظف","EXP-SUGGESTION","اقتراح تحسين","فكرة لتحسين العمل أو بيئته.","المجال | الفكرة | الفائدة المتوقعة","مدير الإدارة","manager","EXP-07","لم يبدأ"
"التواصل الداخلي","قطاع النمو والقنوات","الفعاليات الداخلية","EXP-INTERNAL-EVENT","فعالية داخلية","غداء شهري أو احتفال أو لقاء، بميزانية وقياس حضور.","اسم الفعالية | التاريخ | الحضور المتوقع | الميزانية بالريال | الخطة","المدير المباشر ← مدير الإدارة","manager","EXP-03","لم يبدأ"
"إدارة العلاقات العامة والمؤثرين","قطاع النمو والقنوات","الإعلام","PR-MEDIA-REQUEST","بيان صحفي أو ظهور إعلامي","بيان أو مقابلة أو ظهور إعلامي بمتحدث معتمد.","النوع | الوسيلة الإعلامية | المتحدث | الرسائل الرئيسية | التاريخ","المدير المباشر ← مدير الإدارة","manager","PR-03 PR-04 PR-05","لم يبدأ | لم يبدأ | لم يبدأ"
"إدارة العلاقات العامة والمؤثرين","قطاع النمو والقنوات","الرصد والأزمات","PR-ISSUE-ALERT","تنبيه قضية إعلامية","محتوى سلبي أو أزمة محتملة تحتاج استجابة سريعة.","المصدر أو الرابط | ملخص القضية | الخطورة","مدير الإدارة","manager","PR-07 PR-08","لم يبدأ | لم يبدأ"
"إدارة العلاقات العامة والمؤثرين","قطاع النمو والقنوات","المؤثرون","INF-CAMPAIGN","حملة مؤثرين","اختيار مؤثرين بتحقق من الترخيص والإفصاح الإعلاني والأداء.","العميل أو الحملة | الهدف والجمهور | عدد المؤثرين | الميزانية بالريال | بداية الحملة | التحقق من ترخيص موثوق","مدير الإدارة","manager","INF-02 INF-03","لم يبدأ | لم يبدأ"
"إدارة التسويق الرقمي","قطاع النمو والقنوات","الحملات والشراء الإعلامي","DIG-CAMPAIGN","حملة رقمية أو شراء إعلامي","حملة مدفوعة بمنصات وميزانية ومؤشرات قياس.","العميل | المنصات | الميزانية بالريال | البداية | النهاية | مؤشرات النجاح","مدير الإدارة","manager","DIG-03 DIG-05","لم يبدأ | لم يبدأ"
"إدارة التسويق الرقمي","قطاع النمو والقنوات","المنصات الاجتماعية","DIG-SOCIAL-POST","جدولة نشر على المنصات","منشورات لحسابات الشركة أو العميل بعد اعتماد المحتوى.","الحساب | المحتوى أو الرابط | تاريخ النشر | وقت النشر","مدير الإدارة","manager","DIG-02","قيد التنفيذ"
"إدارة التسويق الرقمي","قطاع النمو والقنوات","القياس والتقارير","DIG-PERFORMANCE-REPORT","تقرير أداء حملة","تقرير نتائج حملة من مصادر القياس بتاريخ ومصدر.","الحملة | الفترة | المؤشرات المطلوبة | موعد التسليم","مدير الإدارة","manager","DIG-09 DAT-03","لم يبدأ | لم يبدأ"
"إدارة الإنتاج","قطاع النمو والقنوات","التصوير والإنتاج","PRO-SHOOT","تصوير أو إنتاج مرئي","تصوير أو فيديو بخطة موقع وطاقم وتصاريح.","النوع | العميل أو المشروع | الموقع | تاريخ التصوير | الميزانية بالريال | الموجز","مدير الإدارة","manager","PRO-01 PRO-02","لم يبدأ | لم يبدأ"
"إدارة الإنتاج","قطاع النمو والقنوات","الفعاليات","PRO-EVENT","تنظيم فعالية لعميل","فعالية بموقع وموردين وخطة سلامة وتصاريح.","العميل | الفعالية | التاريخ | الموقع | الحضور المتوقع | الميزانية بالريال | النطاق","مدير الإدارة","manager","PRO-08","لم يبدأ"
"إدارة الإنتاج","قطاع النمو والقنوات","المعدات والمواقع","PRO-EQUIPMENT","حجز معدات إنتاج","كاميرات وإضاءة وصوت، مع تسليم واستلام موثق.","المعدات | من تاريخ | إلى تاريخ | المشروع","مدير الإدارة","manager","PRO-04","لم يبدأ"
"إدارة الأعمال","قطاع النمو والقنوات","البحث والتحليل","STR-RESEARCH","بحث أو تحليل سوق","بحث جمهور أو منافسين أو سوق بمنهجية ومصادر.","الموضوع | العميل أو المشروع | أسئلة البحث | موعد التسليم","مدير الإدارة","manager","STR-01 STR-02","لم يبدأ | لم يبدأ"
"إدارة الأعمال","قطاع النمو والقنوات","العروض والمنافسات","STR-PITCH-SUPPORT","دعم عرض أو منافسة","فكرة إستراتيجية وعرض لمنافسة أو عميل محتمل.","الفرصة | موعد التقديم | متطلبات العرض | القيمة المتوقعة بالريال","مدير الإدارة","manager","STR-05 CRM-04","قيد التنفيذ | لم يبدأ"
"إدارة الأعمال","قطاع النمو والقنوات","المبيعات والفرص","CRM-OPPORTUNITY","تسجيل فرصة أو منافسة","فرصة بيع أو منافسة حكومية بمرحلة وقيمة وتاريخ.","العميل | المصدر | القيمة المتوقعة بالريال | الموعد النهائي | النطاق","مدير الإدارة","manager","CRM-01 CRM-02 CRM-03","قيد التنفيذ | قيد التنفيذ | لم يبدأ"
"إدارة الحسابات","قطاع النمو والقنوات","إدارة الحسابات","ACC-CLIENT-COMPLAINT","شكوى أو ملاحظة عميل","تسجيل شكوى عميل ومسار معالجتها وإغلاقها بدليل.","العميل | المشروع | الخطورة | الشكوى | الإجراء المقترح","مدير الإدارة","manager","ACC-05 ACC-09","لم يبدأ | لم يبدأ"
"إدارة الحسابات","قطاع النمو والقنوات","إدارة الحسابات","ACC-CHANGE-REQUEST","طلب تغيير من عميل","تغيير نطاق أو موعد بطلب العميل مع أثر مالي وزمني.","العميل | المشروع | التغيير المطلوب | الأثر المالي بالريال | الأثر الزمني بالأيام","مدير الإدارة","manager","ACC-03 ACC-06","قيد التنفيذ | قيد التنفيذ"
"الإدارة التنفيذية للمشاريع","قطاع الخدمات المؤسسية","دورة المشروع","PMO-NEW-PROJECT","طلب فتح مشروع","فتح مشروع بعد عقد أو اعتماد داخلي، بمدير وميزانية وجدول.","اسم المشروع | العميل | مدير المشروع المقترح | الميزانية بالريال | البداية | النهاية | النطاق والمخرجات","مدير الإدارة","manager","PMO-01 PMO-02","قيد التنفيذ | قيد التنفيذ"
"الإدارة التنفيذية للمشاريع","قطاع الخدمات المؤسسية","الموارد والطاقة","PMO-RESOURCE","طلب موارد لمشروع","تكليف موظف أو مستقل أو ساعات من إدارة أخرى.","المشروع | الدور المطلوب | الساعات أو الأيام | من تاريخ | إلى تاريخ | المبرر","المدير المباشر ← مدير الإدارة","manager","PMO-04 PMO-05","لم يبدأ | لم يبدأ"
"الإدارة التنفيذية للمشاريع","قطاع الخدمات المؤسسية","المخاطر والتصعيد","PMO-RISK-ISSUE","بلاغ خطر أو تأخر مشروع","خطر أو تأخر يحتاج قرارًا أو تصعيدًا.","المشروع | النوع | الوصف والأثر | خطة المعالجة","مدير الإدارة","manager","PMO-08","لم يبدأ"
"مكتب الرئيس التنفيذي","الرئاسة التنفيذية","القرارات والاجتماعات","GOV-DECISION","طلب قرار تنفيذي","قرار يتجاوز صلاحية الإدارة وفق مصفوفة التفويض، ويوثق كمحضر.","الموضوع | الخيارات والتوصية | الأثر المالي بالريال | مطلوب قبل","المدير المباشر ← مدير الإدارة","manager","GOV-03 GOV-04","لم يبدأ | لم يبدأ"
"الحوكمة والالتزام والمخاطر","قطاع الخدمات المؤسسية","المخاطر والرقابة","GOV-RISK","تسجيل خطر مؤسسي","خطر بمالك واحتمال وأثر وخطة معالجة.","الخطر | الاحتمال | الأثر | المالك المقترح | خطة المعالجة","مدير الإدارة","manager","GOV-06","لم يبدأ"
"الحوكمة والالتزام والمخاطر","قطاع الخدمات المؤسسية","النزاهة والإفصاح","GOV-CONFLICT-DISCLOSURE","إفصاح عن تضارب مصالح","إفصاح سنوي أو عند نشوء تضارب مع عميل أو مورد.","نوع العلاقة | الطرف ذو العلاقة | التفاصيل","مدير الإدارة","manager","GOV-09","لم يبدأ"
"الحوكمة والالتزام والمخاطر","قطاع الخدمات المؤسسية","السياسات","GOV-POLICY","اعتماد سياسة أو إجراء","سياسة جديدة أو تعديل إجراء بمالك وتاريخ مراجعة.","عنوان السياسة | النوع | الملخص والتغييرات | موعد المراجعة القادمة","مدير الإدارة","manager","GOV-10","لم يبدأ"
"الإدارة التنفيذية للمشاريع","قطاع الخدمات المؤسسية","الأهداف والمؤشرات","GOV-OBJECTIVE","اعتماد هدف أو مؤشر","هدف سنوي بمالك ومؤشر وخط أساس ومستهدف وموعد مراجعة.","الهدف | المؤشر | خط الأساس | المستهدف | المالك | موعد المراجعة","مدير الإدارة","manager","GOV-01 GOV-07","لم يبدأ | لم يبدأ"
"إدارة تدقيق الحملات","قطاع الخدمات المؤسسية","التقارير واللوحات","DAT-DASHBOARD","طلب تقرير أو لوحة مؤشرات","لوحة أو تقرير بمصدر بيانات محدد وتعريف لكل مؤشر.","العنوان | المؤشرات وتعريفها | مصادر البيانات | التكرار","مدير الإدارة","manager","DAT-01 DAT-03","لم يبدأ | لم يبدأ"
"إدارة تدقيق الحملات","قطاع الخدمات المؤسسية","حوكمة البيانات","DAT-DATA-ACCESS","طلب وصول لبيانات","وصول لمجموعة بيانات بتصنيف وغرض ومدة.","مجموعة البيانات | التصنيف | الغرض | تنتهي في","المدير المباشر ← مدير الإدارة","manager","LEG-05","لم يبدأ"
"إدارة تدقيق الحملات","قطاع الخدمات المؤسسية","الذكاء الاصطناعي","DAT-AI-USE","استخدام أداة ذكاء اصطناعي","تقييم أداة أو حالة استخدام من حيث البيانات والخصوصية والجودة.","الأداة | حالة الاستخدام | نوع البيانات المستخدمة","مدير الإدارة","manager","DAT-09","لم يبدأ"
"رأس المال البشري","قطاع الخدمات المؤسسية","الشهادات والخطابات","HR-EXPERIENCE-CERT","شهادة خبرة","شهادة خبرة لموظف حالي أو عند المغادرة.","اللغة | الجهة الموجه إليها | ملاحظات","معتمد الموارد البشرية","hr","HR-05 HR-09","قيد التنفيذ | لم يبدأ"
"رأس المال البشري","قطاع الخدمات المؤسسية","البيانات والوثائق","HR-DOC-RENEWAL","تجديد إقامة أو رخصة عمل أو تأشيرة","متابعة تجديد وثيقة نظامية قبل انتهائها، مع تذكير بالموعد.","الوثيقة | تاريخ الانتهاء | التابعون المشمولون | ملاحظات","المدير المباشر ← معتمد الموارد البشرية","hr","HR-10","لم يبدأ"
"رأس المال البشري","قطاع الخدمات المؤسسية","الرواتب والمزايا","HR-BANK-CHANGE","تغيير حساب الراتب البنكي","تحديث الآيبان قبل مسير الشهر. أرفق شهادة الآيبان؛ يتحقق HR من مطابقة الاسم.","البنك | آخر 4 أرقام من الآيبان الجديد | يطبق من تاريخ","معتمد الموارد البشرية","hr","PAY-07","لم يبدأ"
"رأس المال البشري","قطاع الخدمات المؤسسية","الرواتب والمزايا","HR-GOSI-CORRECTION","تصحيح بيانات التأمينات الاجتماعية","تصحيح الأجر الخاضع أو تاريخ الاشتراك أو التصنيف.","نوع التصحيح | التفاصيل","معتمد الموارد البشرية","hr","PAY-02","لم يبدأ"
"رأس المال البشري","قطاع الخدمات المؤسسية","الرواتب والمزايا","HR-RETRO-ADJUSTMENT","تسوية مالية بأثر رجعي","فرق مستحق عن أشهر سابقة بسبب قرار متأخر. يراجع المدير ثم HR.","من شهر (YYYY-MM) | إلى شهر (YYYY-MM) | المبلغ التقديري بالريال | القرار أو السبب","المدير المباشر ← معتمد الموارد البشرية","hr","PAY-04","لم يبدأ"
"رأس المال البشري","قطاع الخدمات المؤسسية","التوظيف والإحالات","HR-REFERRAL","ترشيح مرشح (إحالة موظف)","رشّح شخصًا لوظيفة شاغرة. تُحفظ بياناته بالحد الأدنى اللازم.","اسم المرشح | الوظيفة | رابط الملف المهني | لماذا ترشحه","معتمد الموارد البشرية","hr","TAL-02","قيد التنفيذ"
"رأس المال البشري","قطاع الخدمات المؤسسية","التوظيف والإحالات","HR-HIRING-NEED","طلب احتياج وظيفي","وظيفة جديدة أو بديلة بميزانية ومبرر. التفاصيل الموزونة في مساحة التوظيف.","المسمى | النوع | العدد | مطلوب قبل | المبرر والأثر","المدير المباشر ← معتمد الموارد البشرية","hr","TAL-01","قيد التنفيذ"
"رأس المال البشري","قطاع الخدمات المؤسسية","التطوير والأداء","TAL-SUCCESSION","ترشيح لمسار تعاقب أو ترقية","ترشيح موظف لدور قيادي مستقبلي بخطة جاهزية.","الموظف | الدور المستهدف | الجاهزية | خطة التطوير","معتمد الموارد البشرية","hr","TAL-09","لم يبدأ"
"رأس المال البشري","قطاع الخدمات المؤسسية","الانضمام والمغادرة","HR-EXIT-INTERVIEW","مقابلة خروج ونقل معرفة","جدولة مقابلة الخروج وتوثيق تسليم المعرفة والملفات.","موعد المقابلة | المعرفة والملفات المسلّمة | المستلم","المدير المباشر ← معتمد الموارد البشرية","hr","EXP-10 HR-09","لم يبدأ | لم يبدأ"
"تقنية المعلومات","قطاع الخدمات المؤسسية","الحسابات والصلاحيات","IT-PASSWORD-UNLOCK","فك قفل حساب أو إعادة تعيين كلمة مرور","لحسابات الأنظمة الأخرى. لا ترسل كلمة المرور في الطلب أبدًا.","النظام | المشكلة | الأولوية","معتمد تقنية المعلومات","it","IT-02","قيد التنفيذ"
"تقنية المعلومات","قطاع الخدمات المؤسسية","الأنظمة والتغيير","IT-CHANGE-REQUEST","طلب تغيير أو نشر على نظام","تغيير على نظام قائم بخطة اختبار ورجوع ونافذة تنفيذ.","النظام | التغيير المطلوب | خطة الاختبار | خطة الرجوع | تاريخ نافذة التنفيذ","المدير المباشر ← معتمد تقنية المعلومات","it","IT-06","لم يبدأ"
"تقنية المعلومات","قطاع الخدمات المؤسسية","الأنظمة والتغيير","IT-OUTAGE","بلاغ توقف خدمة أو بطء","نظام متوقف أو بطيء لعدد من المستخدمين.","الخدمة المتأثرة | النطاق | الوصف ووقت البداية | الأولوية","معتمد تقنية المعلومات","it","IT-07 NFR-04","لم يبدأ | قيد التنفيذ"
"تقنية المعلومات","قطاع الخدمات المؤسسية","الدعم الفني","IT-MEETING-SUPPORT","دعم تقني لاجتماع أو فعالية","تجهيز عرض أو بث أو اجتماع مرئي.","التاريخ | الوقت | المكان | المطلوب","معتمد تقنية المعلومات","it","IT-03","قيد التنفيذ"
"تقنية المعلومات","قطاع الخدمات المؤسسية","الدعم الفني","IT-PLATFORM-FEEDBACK","ملاحظة على المنصة أو اقتراح خدمة","خطأ في المنصة، أو خدمة تحتاجها ولا تجدها هنا.","النوع | الصفحة أو الخدمة | التفاصيل","معتمد تقنية المعلومات","it","NFR-09","لم يبدأ"
"إدارة الخدمات الإبداعية","قطاع النمو والقنوات","التصميم","CRT-REVISION","طلب تعديل على مخرج","ملاحظات موحدة على نسخة محددة من مخرج قائم.","المخرج ورقم النسخة | الملاحظات | موعد التعديل","المدير المباشر","manager","CRT-04 CRT-05","قيد التنفيذ | قيد التنفيذ"
"إدارة العلامة التجارية","الرئاسة التنفيذية","الأصول الرقمية","CRT-ASSET-REQUEST","طلب أصل من المكتبة الرقمية","شعار أو صورة أو قالب معتمد، مع التحقق من حقوق الاستخدام.","الأصل المطلوب | مكان الاستخدام | الحقوق","المدير المباشر","manager","CRT-06 CRT-10","قيد التنفيذ | لم يبدأ"
"إدارة الخدمات الإبداعية","قطاع النمو والقنوات","المحتوى والكتابة","CRT-TRANSLATION","ترجمة أو تدقيق لغوي","ترجمة أو تدقيق نص قبل النشر.","الخدمة | عدد الكلمات التقريبي | موعد التسليم | ملاحظات","المدير المباشر","manager","CRT-08","قيد التنفيذ"
"مكتب الرئيس التنفيذي","الرئاسة التنفيذية","الزوار والدخول","ADM-ACCESS-CARD","بطاقة موظف أو بطاقة دخول","إصدار أو بدل فاقد أو تعديل صلاحية دخول مبنى.","الإجراء | ملاحظات","المدير المباشر ← مدير الإدارة","manager","ADM-03","لم يبدأ"
"مكتب الرئيس التنفيذي","الرئاسة التنفيذية","السفر والتنقل","ADM-VEHICLE","طلب سيارة أو توصيل","توصيل عمل أو سيارة لمهمة محددة.","التاريخ | من | إلى | الوقت | عدد الركاب","المدير المباشر ← مدير الإدارة","manager","ADM-04","لم يبدأ"
"مكتب الرئيس التنفيذي","الرئاسة التنفيذية","المراسلات الرسمية","ADM-COURIER","إرسال شحنة أو مستند","إرسال مستند أو شحنة لعميل أو جهة.","المستلم | العنوان | النوع | الأولوية","مدير الإدارة","manager","ADM-06","لم يبدأ"
"مكتب الرئيس التنفيذي","الرئاسة التنفيذية","الخدمات الحكومية","ADM-GOVT-SERVICES","خدمة حكومية أو تعقيب","مراجعة جهة حكومية أو منصة رسمية نيابة عن الشركة.","الجهة | الخدمة المطلوبة | مطلوب قبل | التفاصيل","المدير المباشر ← مدير الإدارة","manager","HR-10 LEG-09","لم يبدأ | لم يبدأ"
"مكتب الرئيس التنفيذي","الرئاسة التنفيذية","المرافق والصيانة","ADM-WORKSPACE","مكتب أو مقعد عمل","تخصيص مكتب لموظف جديد، أو نقل مقعد.","الموظف | الإجراء | التاريخ | المنطقة المفضلة","المدير المباشر ← مدير الإدارة","manager","ADM-01","لم يبدأ"
"المالية","قطاع الخدمات المؤسسية","الضرائب","FIN-TAX-QUERY","استفسار ضريبي أو فاتورة غير مطابقة","فاتورة مورد لا تستوفي متطلبات الفوترة الإلكترونية، أو سؤال ضريبة قيمة مضافة.","رقم الفاتورة أو الموضوع | الملاحظة | مبلغ الضريبة بالريال","مدير الإدارة","manager","FIN-08","لم يبدأ"
"المالية","قطاع الخدمات المؤسسية","الفوترة والتحصيل","FIN-REFUND","طلب إشعار دائن أو استرداد لعميل","إشعار دائن عن فاتورة صادرة بمبرر موثق.","العميل | الفاتورة الأصلية | المبلغ بالريال | السبب","المدير المباشر ← مدير الإدارة","manager","FIN-03","قيد التنفيذ"
"المشتريات","قطاع الخدمات المؤسسية","طلبات الشراء","PRC-PO-CHANGE","تعديل أمر شراء","تعديل كمية أو سعر أو موعد في أمر صادر، بإعادة اعتماد.","رقم أمر الشراء | التعديل | القيمة الجديدة بالريال | السبب","المدير المباشر ← مدير الإدارة","manager","PRC-08","لم يبدأ"
"المشتريات","قطاع الخدمات المؤسسية","طلبات الشراء","PRC-EMERGENCY","شراء طارئ","شراء لا يحتمل مسار العروض الكامل، بمبرر وتوثيق لاحق.","الأصناف | المبلغ بالريال | المشروع أو مركز التكلفة | سبب الطوارئ","المدير المباشر ← مدير الإدارة","manager","PRC-07","لم يبدأ"
"المشتريات","قطاع الخدمات المؤسسية","الموردون","PRC-VENDOR-BANK","تحديث بيانات دفع مورد","تغيير حساب مورد بتحقق مستقل من المورد عبر قناة معروفة، لمنع الاحتيال.","المورد | آخر 4 أرقام من الحساب الجديد | كيف تحققت من المورد عبر قناة مستقلة","مدير الإدارة","manager","PRC-09","لم يبدأ"
"المشتريات","قطاع الخدمات المؤسسية","الموردون","PRC-VENDOR-EVALUATION","تقييم أداء مورد","تقييم مورد بعد تنفيذ أمر أو مشروع.","المورد | الأمر أو المشروع | التقييم | الملاحظات","مدير الإدارة","manager","PRC-10","لم يبدأ"
"التواصل الداخلي","قطاع النمو والقنوات","تجربة الموظف","EXP-WELCOME","برنامج ترحيب بموظف جديد","رسالة ترحيب وجولة وحقيبة ترحيب ورفيق أول أسبوع.","الموظف الجديد | تاريخ المباشرة | الرفيق المقترح | حقيبة الترحيب","مدير الإدارة","manager","EXP-08","لم يبدأ"
"التواصل الداخلي","قطاع النمو والقنوات","تجربة الموظف","EXP-FAREWELL","توديع موظف","رسالة أو لقاء توديع لموظف مغادر.","الموظف | آخر يوم | الشكل","مدير الإدارة","manager","EXP-10","لم يبدأ"
"التواصل الداخلي","قطاع النمو والقنوات","صوت الموظف","EXP-LEADERSHIP-MEETING","طلب لقاء مع القيادة","لقاء فردي أو جماعي مع القيادة لطرح موضوع.","الموضوع | الشكل | التفاصيل","مدير الإدارة","manager","EXP-06","لم يبدأ"
"إدارة العلاقات العامة والمؤثرين","قطاع النمو والقنوات","الإعلام","PR-EVENT-MEDIA","دعوات واعتمادات إعلامية لفعالية","قائمة إعلاميين ودعوات واعتمادات حضور لفعالية.","الفعالية | التاريخ | عدد الإعلاميين المستهدف | ملاحظات","مدير الإدارة","manager","PR-06","لم يبدأ"
"إدارة العلاقات العامة والمؤثرين","قطاع النمو والقنوات","الرصد والأزمات","PR-IMPACT-REPORT","تقرير تغطية وأثر إعلامي","حصر التغطية وقياس الأثر وأرشفة المواد.","الحملة أو الحدث | الفترة | موعد التسليم","مدير الإدارة","manager","PR-09 PR-10","لم يبدأ | لم يبدأ"
"إدارة العلاقات العامة والمؤثرين","قطاع النمو والقنوات","المؤثرون","INF-CONTRACT","عرض وعقد مؤثر","تفاوض واعتماد عرض مؤثر وحقوق الاستخدام قبل التعاقد.","المؤثر | الحملة | الأجر بالريال | المخرجات | حقوق الاستخدام","مدير الإدارة","manager","INF-04 INF-05","لم يبدأ | لم يبدأ"
"إدارة العلاقات العامة والمؤثرين","قطاع النمو والقنوات","المؤثرون","INF-CONTENT-APPROVAL","اعتماد محتوى مؤثر قبل النشر","مراجعة المحتوى والإفصاح الإعلاني قبل النشر.","المؤثر | رابط المسودة | تاريخ النشر | الإفصاح الإعلاني","مدير الإدارة","manager","INF-06 INF-07","لم يبدأ | لم يبدأ"
"إدارة العلاقات العامة والمؤثرين","قطاع النمو والقنوات","المؤثرون","INF-PROOF-PAYMENT","إثبات تنفيذ وسداد مؤثر","روابط النشر والنتائج ثم رفع طلب السداد.","المؤثر | روابط النشر | النتائج | المستحق بالريال","مدير الإدارة","manager","INF-08 INF-09 INF-10","لم يبدأ | لم يبدأ | لم يبدأ"
"إدارة التسويق الرقمي","قطاع النمو والقنوات","الحملات والشراء الإعلامي","DIG-AD-ACCOUNT","وصول لحساب إعلاني","منح أو سحب وصول لحساب إعلاني لعميل.","المنصة | العميل | الإجراء | ينتهي في","مدير الإدارة","manager","DIG-01","لم يبدأ"
"إدارة التسويق الرقمي","قطاع النمو والقنوات","الحملات والشراء الإعلامي","DIG-BUDGET-CHANGE","تعديل ميزانية أو تحسين حملة جارية","زيادة أو تخفيض إنفاق أو تغيير استهداف بناء على الأداء.","الحملة | الميزانية الحالية بالريال | الميزانية الجديدة بالريال | البيانات والمبرر","مدير الإدارة","manager","DIG-06 DIG-07","لم يبدأ | لم يبدأ"
"إدارة التسويق الرقمي","قطاع النمو والقنوات","القياس والتقارير","DIG-CAMPAIGN-CLOSE","إقفال حملة","إيقاف الإعلانات ومطابقة الإنفاق وتسليم التقرير النهائي.","الحملة | الإنفاق النهائي بالريال | الدروس","مدير الإدارة","manager","DIG-10","لم يبدأ"
"إدارة الإنتاج","قطاع النمو والقنوات","التصوير والإنتاج","PRO-EDIT-REVIEW","مونتاج أو مراجعة نسخة","مونتاج مادة مصورة أو مراجعة نسخة قبل التسليم.","المشروع | النسخة | الملاحظات | الموعد","مدير الإدارة","manager","PRO-07","لم يبدأ"
"إدارة الإنتاج","قطاع النمو والقنوات","التصوير والإنتاج","PRO-FREELANCER","تعاقد مع مستقل أو طاقم","مصور أو مخرج أو طاقم لمشروع محدد.","الدور | المشروع | من تاريخ | إلى تاريخ | الأجر بالريال","مدير الإدارة","manager","PRO-02","لم يبدأ"
"إدارة الإنتاج","قطاع النمو والقنوات","المعدات والمواقع","PRO-LOCATION","موقع تصوير وتصريح","حجز موقع والحصول على تصريح التصوير.","الموقع | التاريخ | المشروع | ملاحظات","مدير الإدارة","manager","PRO-03","لم يبدأ"
"إدارة الإنتاج","قطاع النمو والقنوات","التصوير والإنتاج","PRO-DELIVERY","تسليم مخرج نهائي وأرشفته","تسليم الملفات النهائية بالصيغ المطلوبة وأرشفة المصادر.","المشروع | الصيغ | جهة التسليم | تاريخ التسليم","مدير الإدارة","manager","PRO-09 PRO-10","قيد التنفيذ | لم يبدأ"
"إدارة الأعمال","قطاع النمو والقنوات","البحث والتحليل","STR-COMPETITOR","تحليل منافسين","تحليل منافسين لعميل أو قطاع.","العميل أو القطاع | المنافسون | الموعد","مدير الإدارة","manager","STR-04","لم يبدأ"
"إدارة الأعمال","قطاع النمو والقنوات","البحث والتحليل","STR-POST-CAMPAIGN","مراجعة ما بعد الحملة","ما نجح وما لم ينجح، بدروس قابلة لإعادة الاستخدام.","الحملة | النتائج مقابل الأهداف | الدروس","مدير الإدارة","manager","STR-10","لم يبدأ"
"إدارة الأعمال","قطاع النمو والقنوات","العروض والمنافسات","STR-CAMPAIGN-PLAN","خطة حملة وقنوات","أهداف حملة وجمهور وقنوات وميزانية مبدئية.","العميل | الأهداف | القنوات | الميزانية التقديرية بالريال | الموعد","مدير الإدارة","manager","STR-06 STR-07","قيد التنفيذ | قيد التنفيذ"
"إدارة الأعمال","قطاع النمو والقنوات","المبيعات والفرص","CRM-PRICING","تسعير أو استثناء هامش","سعر خارج الكتالوج أو هامش أقل من الحد.","الفرصة | السعر المقترح بالريال | الهامش المتوقع % | المبرر","المدير المباشر ← مدير الإدارة","manager","CRM-05 CRM-07","لم يبدأ | قيد التنفيذ"
"إدارة الأعمال","قطاع النمو والقنوات","المبيعات والفرص","CRM-LOSS","تسجيل خسارة فرصة","سبب الخسارة والمنافس والدرس.","الفرصة | السبب | المنافس الفائز | الدرس","مدير الإدارة","manager","CRM-10 CRM-08","لم يبدأ | لم يبدأ"
"إدارة الأعمال","قطاع النمو والقنوات","إدارة الحسابات","CRM-HANDOVER","تسليم فرصة مكسوبة للتشغيل","تسليم العقد والنطاق والتوقعات لفريق التشغيل.","العميل | العقد | القيمة بالريال | النطاق والتزامات العميل | موعد الانطلاق","مدير الإدارة","manager","CRM-09 ACC-02","قيد التنفيذ | لم يبدأ"
"إدارة الحسابات","قطاع النمو والقنوات","إدارة الحسابات","ACC-RENEWAL","تجديد أو توسعة حساب عميل","فرصة تجديد أو خدمات إضافية لعميل قائم.","العميل | موعد التجديد | القيمة المتوقعة بالريال | الخطة","مدير الإدارة","manager","ACC-10 ACC-01","لم يبدأ | قيد التنفيذ"
"الإدارة التنفيذية للمشاريع","قطاع الخدمات المؤسسية","الموارد والطاقة","PMO-SUBCONTRACT","إسناد عمل لطرف خارجي","إسناد جزء من مشروع لمورد أو وكالة شريكة.","المشروع | الطرف الخارجي | النطاق | التكلفة بالريال","مدير الإدارة","manager","PMO-05 PMO-10","لم يبدأ | لم يبدأ"
"الإدارة التنفيذية للمشاريع","قطاع الخدمات المؤسسية","دورة المشروع","PMO-CLOSURE","إقفال مشروع","قبول العميل النهائي والمطابقة المالية والدروس.","المشروع | قبول العميل | التكلفة الفعلية بالريال | الدروس","مدير الإدارة","manager","PMO-09 ACC-08","لم يبدأ | قيد التنفيذ"
"الإدارة التنفيذية للمشاريع","قطاع الخدمات المؤسسية","الموارد والطاقة","PMO-TIMESHEET","تصحيح ساعات عمل على مشروع","تصحيح ساعات مسجلة على مشروع خاطئ أو ناقصة.","المشروع | التاريخ | الساعات | السبب","المدير المباشر ← مدير الإدارة","manager","PMO-06","لم يبدأ"
"مكتب الرئيس التنفيذي","الرئاسة التنفيذية","القرارات والاجتماعات","GOV-MEETING-ITEM","إدراج بند في اجتماع تنفيذي","بند للنقاش أو القرار في الاجتماع التنفيذي القادم.","البند | النوع | الملخص | الاجتماع المستهدف","المدير المباشر ← مدير الإدارة","manager","GOV-08","لم يبدأ"
"الإدارة التنفيذية للمشاريع","قطاع الخدمات المؤسسية","الأهداف والمؤشرات","GOV-INITIATIVE","تسجيل مبادرة إستراتيجية","مبادرة بمالك وميزانية ومؤشر ضمن المحفظة التنفيذية.","المبادرة | الهدف المرتبط | المالك | الميزانية بالريال | تاريخ الإنجاز","مدير الإدارة","manager","GOV-02 GOV-05","لم يبدأ | لم يبدأ"
"إدارة تدقيق الحملات","قطاع الخدمات المؤسسية","التقارير واللوحات","DAT-PROFITABILITY","تحليل ربحية مشروع أو عميل","الإيراد والتكلفة الفعلية والهامش من مصادر معتمدة.","المشروع أو العميل | الفترة | الأسئلة","مدير الإدارة","manager","DAT-04","لم يبدأ"
"إدارة تدقيق الحملات","قطاع الخدمات المؤسسية","المعرفة","DAT-KNOWLEDGE","إضافة محتوى لقاعدة المعرفة","دليل أو إجراء أو قالب ليصبح قابلًا للبحث.","العنوان | النوع | الملخص | مالك المحتوى","مدير الإدارة","manager","DAT-06 DAT-07","لم يبدأ | لم يبدأ"
"إدارة تدقيق الحملات","قطاع الخدمات المؤسسية","حوكمة البيانات","DAT-DATA-QUALITY","بلاغ جودة بيانات","رقم خاطئ أو مكرر أو ناقص في تقرير أو نظام.","المصدر | المشكلة | الأثر","مدير الإدارة","manager","DAT-02","لم يبدأ"
"إدارة تدقيق الحملات","قطاع الخدمات المؤسسية","التقارير واللوحات","DAT-ROI","قياس عائد مبادرة","خط أساس ونتيجة وتكلفة لقياس العائد.","المبادرة | خط الأساس | النتيجة | التكلفة بالريال","مدير الإدارة","manager","DAT-10","لم يبدأ"
