المعرّف,المجموعة,التطوير,الحالة الآن (17 سبتمبر 2026),الدليل أو ما هو موجود,المرحلة المقترحة,المالك المقترح,اختبار القبول أو القيد
E01,يوم الموظف,شاشة بداية حسب الدور,منفذ محليًا جزئيًا,"بوابتي ويومي والعمل اليومي (portal-ui, work-ui, workspace.test)",1,تشغيل المنصة,تظهر ثلاث أولويات قابلة للتعديل دون إعادة ترتيب الالتزامات سرًا
E02,يوم الموظف,طلب موحد ذكي,منفذ محليًا جزئيًا,بحث نصي في 142 خدمة ولوحة ⌘K؛ لا تصنيف لغوي ولا اقتراح حقول,3,البيانات والذكاء,اقتراح الخدمة من وصف عربي مع تأكيد يدوي وقياس نسبة التصنيف الصحيح على عينة موسومة
E03,يوم الموظف,حفظ واستكمال من أي جهاز,مختبر محليًا,"مسودات وتعارض نسخ ومفاتيح منع التكرار (platform.test, ui-race.test)؛ لا استعادة بعد انقطاع",1,تشغيل المنصة,انقطاع أثناء الإرسال لا ينشئ طلبين، والمسودة تُستعاد على جهاز آخر
E04,يوم الموظف,تقويم شخصي للعمل,مقترح,لا يوجد تقويم؛ المواعيد في المهام والإجازات فقط,2,الإدارة التنفيذية للمشاريع,يكشف تعارض موعد ملزم مع إجازة معتمدة
E05,يوم الموظف,اختصارات ومفضلات,منفذ محليًا جزئيًا,لوحة أوامر ⌘K وخدماتي الأكثر استخدامًا؛ لا مفضلات ولا قوالب محفوظة,1,تشغيل المنصة,فتح خدمة بمعرّفها في أقل من ثلاث خطوات
E06,أدوات المدير,ملخص قرار قابل للفحص,منفذ محليًا جزئيًا,تفاصيل الطلب وسجل نسخه؛ لا فرق بين النسخ ولا مخصص أو بدائل,1,مالك كل خدمة,يعرض الفرق عن آخر نسخة قبل الاعتماد
E07,أدوات المدير,تفويض في الغياب,مختبر محليًا,delegations.mjs بمدة وخدمة وسبب وسحب؛ لا سقف مالي,1,الحوكمة,ينتهي التفويض تلقائيًا ولا يعتمد البديل بعده
E08,أدوات المدير,مراجعة أسبوعية جاهزة,مقترح,,2,مديرو الإدارات,محضر يُجمع من السجلات ويصححه المدير قبل اعتماده
E09,أدوات المدير,مقارنة أحمال الفريق,مقترح,لا سعة ولا ساعات مخططة,2,الإدارة التنفيذية للمشاريع,لا يستخدم عدد النقرات أو الرسائل مقياس أداء
E10,أدوات المدير,لوحة التدخل المبكر,منفذ محليًا جزئيًا,اللوحة التنفيذية تعرض المتأخر وتجاوز زمن الخدمة؛ لا أسباب ولا مسؤول معالجة,2,مكتب الرئيس التنفيذي,لكل سبب متكرر مسؤول وموعد تحقق
E11,جودة الخدمات,نماذج شرطية,مقترح,الحقول ثابتة لكل خدمة,2,تشغيل المنصة,حقل يظهر بحسب المبلغ مع شرح سبب طلبه
E12,جودة الخدمات,ساعة خدمة قابلة للتفسير,مختبر محليًا,routing.serviceClock ومدة مستهدفة؛ لا تقويم عمل ولا إيقاف للانتظار,1,مالك كل خدمة,الاستجابة والتنفيذ والانتظار منفصلة ومجموعها قابل للتدقيق
E13,جودة الخدمات,تسليم بين الإدارات,مختبر محليًا,تحويل الطلب بحد أقصى وسبب (routing-portal.test)؛ لا اتفاق مدخلات ومخرجات,1,مالك كل خدمة,استلام صريح ومسؤول بديل عند تعطل التسليم
E14,جودة الخدمات,تصحيح دون إعادة الطلب كله,منفذ محليًا جزئيًا,إرجاع الطلب كاملًا للتعديل مع حفظ النسخ,2,تشغيل المنصة,إرجاع الحقول الناقصة فقط مع بقاء ما اعتُمد
E15,جودة الخدمات,رضا ومعالجة,مختبر محليًا,service-feedback.mjs (service-quality.test)؛ لا مسار متابعة للتقييم المنخفض,1,تدقيق الحملات,تقييم 1–2 يفتح متابعة لدى الجودة بحسب سرية الخدمة
E16,التنسيق,نقاش مرتبط بالعمل,مقترح,ملاحظات القرار في الأثر فقط,2,تشغيل المنصة,تعليق بإشارة يصل صاحبه ويرتبط بالسجل
E17,التنسيق,ملخص إشعارات قابل للتخصيص,منفذ محليًا جزئيًا,إشعارات داخلية؛ لا تجميع ولا ساعات هدوء,2,تشغيل المنصة,كل إشعار يوضح سبب وصوله
E18,التنسيق,اجتماع ينتهي بالتزامات,خدمة طلب فقط,ACC-MEETING-MINUTES وGOV-MEETING-ITEM,2,مكتب الرئيس التنفيذي,كل التزام له مسؤول وموعد ومعيار إغلاق
E19,التنسيق,لوحة التزامات الإدارات,مقترح,,3,مكتب الرئيس التنفيذي,يظهر أثر تأخر التزام على العمل اللاحق
E20,التنسيق,سجل قرار وبدائل,خدمة طلب فقط,GOV-DECISION,2,مكتب الرئيس التنفيذي,القرار محفوظ بخياراته ومبرره ومراجعة نتيجته
E21,المشاريع,قوالب تشغيل حسب الخدمة,مختبر محليًا,قوالب مشاريع تنشئ مهامًا مؤرخة مرة واحدة (agency.test E21),2,الإدارة التنفيذية للمشاريع,قالب حملة أداء ينشئ مراحله وأدواره
E22,المشاريع,خريطة اعتماديات,مقترح,,3,الإدارة التنفيذية للمشاريع,تحريك تسليم يظهر أثره على ما بعده
E23,المشاريع,خط أساس وتاريخ تغييره,منفذ محليًا جزئيًا,مراجعات المخصص بنسخ (budgets.test)؛ لا خط أساس للموعد والنطاق,2,الإدارة التنفيذية للمشاريع,الفرق عن الأصل ظاهر بسببه وموافقته
E24,المشاريع,إقفال منضبط,منفذ محليًا جزئيًا,إقفال الحملات بدرس مكتوب وتقرير R15 (campaigns.test)؛ المشاريع غير الحملات بلا إقفال,2,الإدارة التنفيذية للمشاريع,لا يغلق المشروع وفيه عهدة أو مخرج معلق دون استثناء
E25,المشاريع,خريطة تبعيات خارجية,مقترح,,3,إدارة الحسابات,كل انتظار خارجي له مالك متابعة ودليل
E26,المهارات والسعة,دليل مهارات مثبتة,مقترح,,3,رأس المال البشري,
E27,المهارات والسعة,طلب خبير داخلي,خدمة طلب فقط,PMO-RESOURCE,3,الإدارة التنفيذية للمشاريع,
E28,المهارات والسعة,حجز مبدئي ومؤكد,مقترح,,3,الإدارة التنفيذية للمشاريع,توقع فرصة لا يحجب سعة مشروع متعاقد عليه
E29,المهارات والسعة,تعلم من التقدير,مقترح,لا ساعات فعلية مسجلة,4,الإدارة التنفيذية للمشاريع,
E30,المهارات والسعة,توقع احتياج التوظيف أو الإسناد,مقترح,,4,رأس المال البشري,
E31,الاستوديو,فحص اكتمال البريف,مختبر محليًا,studio.mjs يفرض حقول البريف واعتمادًا مستقلًا (studio.test),1,الخدمات الإبداعية,لا يبدأ إنتاج قبل بريف معتمد
E32,الاستوديو,لوحة مفاهيم ومراجع,مقترح,,3,الخدمات الإبداعية,
E33,الاستوديو,مصفوفة نسخ الحملة,مقترح,المخرج يحمل قناة ومقاسًا ولغة فقط,3,الخدمات الإبداعية,
E34,الاستوديو,مراجعة دقيقة للمادة,مقترح,لا ملفات وسائط ولا تعليق موضعي,3,الخدمات الإبداعية,تكامل مرشح: Frame.io
E35,الاستوديو,حزمة تسليم قابلة للتحقق,مختبر محليًا,studio packages ببصمة وقبول داخلي (studio.test)؛ دون ملفات فعلية,1,إدارة الإنتاج,الحزمة تطابق النسخ المعتمدة وحقوقها
E36,الحملات,منشئ روابط قياس محكوم,مقترح,,2,التسويق الرقمي,
E37,الحملات,اختبار جاهزية الإطلاق,مختبر محليًا,قائمة جاهزية إطلاق بدليل لكل بند واعتماد من غير صاحب الحملة (campaigns.test),2,التسويق الرقمي,
E38,الحملات,تنبيه سرعة الإنفاق,منفذ محليًا جزئيًا,مقارنة الصرف بالزمن المنقضي من قيود يدوية بمصادرها (campaigns.test)؛ لا قراءة من منصات الإعلان,3,التسويق الرقمي,لا يرفع السقف تلقائيًا
E39,الحملات,دفتر التجارب,مقترح,,3,البيانات والذكاء,لا يعلن فائزًا من بيانات ناقصة
E40,الحملات,تقرير موثق اللقطة,مختبر محليًا,"لقطات تقارير معتمدة من شخص آخر وجدولة داخلية (reports.test, report-schedules.test)",3,تدقيق الحملات,
E41,المبيعات والحسابات,قرار دخول منافسة,منفذ محليًا جزئيًا,commercial.mjs تأهيل واعتماد مستقل (commercial.test)؛ لا تعارض مصالح ولا كراسة,2,إدارة الأعمال,
E42,المبيعات والحسابات,مكتبة عروض ودراسات حالة,مقترح,,3,إدارة الأعمال,
E43,المبيعات والحسابات,تسليم البيع للتشغيل,منفذ محليًا جزئيًا,إنشاء مشروع من عقد مسجل (commercial.test)؛ لا قائمة التزامات يقبلها مدير المشروع,2,إدارة الحسابات,
E44,المبيعات والحسابات,رصيد عقد دوري,مختبر محليًا,"رصيد اشتراك شهري يُخصم عند النشر والتجاوز بسنده (agency.test E44, campaigns.test)",2,إدارة الحسابات,تنبيه قبل تجاوز الرصيد وفق العقد
E45,المبيعات والحسابات,سجل موافقة خارجية,مختبر محليًا,client-approvals.mjs + approvals-ui + client-approvals.test (4 اختبارات),1,إدارة الحسابات,السجل يحفظ من أدخل ومن تحقق والنسخة والدليل ولا يوهم بتوقيع العميل
E46,الموظفون,مركز خدمات شخصية,منفذ محليًا جزئيًا,employees.mjs سجل ووثائق وتغييرات (employees.test)؛ واجهة السجل غير مبنية,1,رأس المال البشري,
E47,الموظفون,رحلة انضمام حسب الوظيفة,مختبر محليًا,people.mjs مهام تهيئة (people.test),2,رأس المال البشري,
E48,الموظفون,مسار نمو مهني,منفذ محليًا جزئيًا,أهداف تطوير يغلقها المدير وخطط تعاقب سرية (talent.test)؛ لا مسارات مهنية معرفة,4,رأس المال البشري,
E49,الموظفون,أكاديمية داخلية,منفذ محليًا جزئيًا,سجل تدريب باعتماد وإثبات (talent.test)؛ لا محتوى تدريبي,4,رأس المال البشري,
E50,الموظفون,انتقال ومغادرة بلا فقد,منفذ محليًا جزئيًا,إنهاء عقد وتسوية نهاية خدمة تخصم السلف (payroll-extras.test PAY-09)؛ لا قائمة إخلاء طرف,2,رأس المال البشري,سحب الصلاحيات موثق بمسؤول لكل خطوة
E51,المالية,مصروف مرتبط بالغرض,مختبر محليًا,"مطالبة مصروف بإيصال لا يتكرر واعتمادين وصورة مرفوعة (expenses-assets.test E51, files-security.test)",3,المالية,لا استخراج آلي قبل قرار مزود واختبار جودة
E52,المالية,عهدة وتسوية جزئية,مختبر محليًا,عهدة تُسوّى بمطالبات معتمدة وتقفل بإعادة المتبقي (expenses-assets.test E52),3,المالية,
E53,المالية,حجز مخصص قبل الالتزام,مختبر محليًا,budgets.mjs حجز والتزام وتحرير (budgets.test: المخصص المشترك يمنع تجاوز طلبين للسقف),1,المالية,طلبان متزامنان لا يحجزان المخصص نفسه مرتين
E54,المالية,تكلفة تشغيل متكررة,خدمة طلب فقط,ADM-SUBSCRIPTION,3,تقنية المعلومات,
E55,المالية,ملف تحصيل داخلي,مختبر محليًا,receivables.mjs استحقاق وقبض بمطابقة مستقلة (receivables.test)؛ لا وعود ولا نزاعات,2,المالية,وعد الدفع لا يُحتسب قبضًا
E56,المشتريات,فحص تسجيل المورد,مختبر محليًا,vendors.mjs + vendors-ui + vendors.test (8) + vendors-http.test,1,المشتريات,كل رفض أو اعتماد له سبب، والتكرار يُفحص بمعرّفات الكيان
E57,المشتريات,مقارنة عروض عادلة,مختبر محليًا,مقارنة عروض وتقرير R27، مع منع صاحب تعارض المصالح من الترسية (procurement-extras.test),2,المشتريات,
E58,المشتريات,تقييم فني مستقل عن السعر,مقترح,,3,المشتريات,يحتاج سياسة شراء معتمدة
E59,المشتريات,اتفاقية أسعار وإصدار أمر,مقترح,,3,المشتريات,
E60,المشتريات,إنذار اعتماد مفرط على مورد,منفذ محليًا جزئيًا,لوحة المشتريات تعرض تركز الأوامر والفئات بلا بديل؛ لا إنذار ولا اقتراح,2,المشتريات,لا تُشارك أسعار مورد مع منافسيه
E61,المرافق,دورة حياة الأصل,مختبر محليًا,سجل أصول بإهلاك شهري وتقرير R39 (expenses-assets.test E61),3,الخدمات الإدارية,
E62,المرافق,حجز قاعة أو معدات,خدمة طلب فقط,ADM-ROOM-BOOKING وPRO-EQUIPMENT؛ لا منع تعارض,2,الخدمات الإدارية,حجزان متداخلان للقاعة نفسها يُرفض ثانيهما
E63,المرافق,مخزون مستهلكات,خدمة طلب فقط,ADM-SUPPLIES,4,الخدمات الإدارية,
E64,المرافق,صيانة وقائية,خدمة طلب فقط,ADM-MAINTENANCE,4,الخدمات الإدارية,
E65,المرافق,زيارة وسفر وضيافة,خدمة طلب فقط,ADM-TRAVEL وADM-VISITOR,3,الخدمات الإدارية,
E66,المعرفة,سياسة لها دورة حياة,منفذ محليًا جزئيًا,سياسات موارد بشرية مؤرخة يعتمدها مدير الموارد البشرية (hr-contracts.test)؛ بقية السياسات طلبات,2,الحوكمة,إقرار اطلاع للفئات المعنية مع تاريخ سريان
E67,المعرفة,سؤال يصل لصاحب الخبرة,مقترح,,4,البيانات والذكاء,
E68,المعرفة,درس مستفاد قابل للتطبيق,منفذ محليًا جزئيًا,درس إلزامي عند إقفال الحملة يظهر في R15؛ لا مكتبة دروس قابلة للبحث,3,البيانات والذكاء,لا يكشف معلومات عميل غير مأذونة
E69,المعرفة,تحديات تحسين وابتكار,خدمة طلب فقط,EXP-SUGGESTION,4,التواصل الداخلي,
E70,المعرفة,تقدير مهني عادل,خدمة طلب فقط,EXP-RECOGNITION,4,التواصل الداخلي,لا ترتيب آلي بعدد المهام
E71,البيانات والمساعدون,سؤال إداري بلغة طبيعية,غير متصل,مساعد تفسير التقارير مبني ومختبر بمزود وهمي (ai.test)؛ يحتاج مفتاح مزود يضعه المالك في بيئة الخادم,4,البيانات والذكاء,الإجابة تحترم صلاحيات السائل وتذكر مصدرها
E72,البيانات والمساعدون,تنبيه انحراف مفسر,مقترح,,4,البيانات والذكاء,
E73,البيانات والمساعدون,مساعد إجراءات داخل الخدمة,منفذ محليًا جزئيًا,مساعد السياسات يعمل دون نموذج: يقتبس الفقرة المعتمدة ويمتنع إن لم يجد (ai.test),4,البيانات والذكاء,الفعل المؤثر يحتاج اعتماد إنسان
E74,البيانات والمساعدون,مكتبة تعليمات AI معتمدة,مختبر محليًا,تعليمات كل مساعد بنسخة مسجلة في كل تشغيل، وتفعيل وحدود وتكلفة واعتراض (ai.test),3,البيانات والذكاء,
E75,البيانات والمساعدون,أمر صوتي اختياري,مقترح,سياسة المتصفح تعطل الميكروفون حاليًا عمدًا,4,تشغيل المنصة,لا تسجيل مستمر ولا إرسال تلقائي
E76,إدارة المنصة,مصمم مسارات محكوم,منفذ محليًا جزئيًا,إعداد خدمة بحقول وخطوات اعتماد مع نسخ (service-catalog.test)؛ لا شروط ولا تجربة قبل النشر,2,تشغيل المنصة,تغيير النموذج لا يكسر الطلبات القديمة
E77,إدارة المنصة,معاينة الصلاحية,مقترح,,2,تشغيل المنصة,لا انتحال مستخدم فعلي سرًا
E78,إدارة المنصة,استيراد وتعديل جماعي آمن,مختبر محليًا,استيراد الحسابات CSV كلها أو لا شيء مع رفض الدفعة عند أي خطأ (company-scale.test)؛ لا معاينة قبل التطبيق,1,تشغيل المنصة,
E79,إدارة المنصة,لوحة تشغيل وتكلفة,منفذ محليًا جزئيًا,تقرير تبني المنصة R40 وتكلفة المساعدين في شاشة الأدمن,2,تشغيل المنصة,
E80,إدارة المنصة,قياس قابلية الاستخدام,مقترح,,2,تشغيل المنصة,القياس مجمع ويقلل البيانات الشخصية
