المعرّف,المجموعة,التقرير,توافر المصدر الآن,ما الموجود في المنصة,ما ينقص قبل التفعيل
R01,الإدارة العليا,نبض الشركة التنفيذي,مبني ومختبر محليًا,اللوحة التنفيذية: طلبات ومهام وأزمنة خدمة؛ لا مال ولا مشاريع,مؤشرات مالية ومشاريع
R02,الإدارة العليا,الأهداف والمبادرات,غير مبني — لا مصدر له في المنصة,خدمتا GOV-OBJECTIVE وGOV-INITIATIVE طلبات فقط,سجل أهداف ومبادرات
R03,الإدارة العليا,محفظة المشاريع والمخاطر,غير مبني — لا مصدر له في المنصة,مشاريع ومهام دون حالة صحة أو مخاطر,مراحل ومخاطر وخط أساس
R04,الإدارة العليا,الربحية والسيولة والتوقعات,مبني ومختبر محليًا,دفتر داخلي تجريبي غير متصل,النظام المحاسبي المعتمد
R05,الإدارة العليا,قرارات الإدارة ومتابعة أثرها,غير مبني — لا مصدر له في المنصة,GOV-DECISION طلب فقط,سجل قرارات E20
R06,الإدارات والخدمات,الأداء الأسبوعي للإدارة,مبني ومختبر محليًا,طلبات الإدارة وأزمنتها متاحة,التزامات وعوائق E08
R07,الإدارات والخدمات,الطلبات وأزمنة الخدمة,مبني ومختبر محليًا,requests + serviceClock + target_days,تقويم عمل وإيقاف ساعة للانتظار
R08,الإدارات والخدمات,الانتظار والتصعيد,مبني ومختبر محليًا,التصعيد والتحويل مسجلان,تصنيف سبب الانتظار
R09,الإدارات والخدمات,الجودة وإعادة العمل,مبني ومختبر محليًا,إرجاعات الطلبات ومراجعات الاستوديو,ساعات إعادة العمل
R10,الإدارات والخدمات,رضا الموظفين عن الخدمات,مبني ومختبر محليًا,request_feedback,متابعة التحسينات
R11,المشاريع والموارد,تقدم المشروع ومعالمه,مبني ومختبر محليًا,مهام ومواعيد,مراحل ومعالم
R12,المشاريع والموارد,المخطط والفعلي والمتوقع للتكلفة,مبني ومختبر محليًا,مخصص وحجز والتزام ومطابق غير مدفوع,تكلفة عمل وساعات وتقدير متبقٍ
R13,المشاريع والموارد,السعة والمهارات والتعارضات,غير مبني — لا مصدر له في المنصة,,حجوزات وسعة ومهارات
R14,المشاريع والموارد,ساعات العمل حسب غرضها,مبني ومختبر محليًا,PMO-TIMESHEET طلب تصحيح فقط,سجل ساعات
R15,المشاريع والموارد,إقفال المشروع والدروس,مبني ومختبر محليًا,,إقفال E24 ودروس E68
R16,المبيعات والحسابات,الفرص والتوقعات مع احتمالاتها,مبني ومختبر محليًا,commercial: عملاء محتملون وتأهيل وعروض,احتمالات ومراحل معتمدة
R17,المبيعات والحسابات,العروض والمنافسات والفوز والخسارة,مبني ومختبر محليًا,نسخ العروض واعتماد الهامش,أسباب الفوز والخسارة
R18,المبيعات والحسابات,ربحية الحساب والخدمة,غير مبني — لا مصدر له في المنصة,,تكلفة فعلية وإيراد من النظام المحاسبي
R19,المبيعات والحسابات,استهلاك العقود والتغييرات,مبني ومختبر محليًا,,رصيد عقد E44
R20,المبيعات والحسابات,التجديد وصحة الحساب,مبني ومختبر محليًا,,مكونات صحة معلنة الأوزان
R21,الحملات والإبداع,أداء الحملة عبر القنوات,مبني ومختبر محليًا (إدخال يدوي بمصادره، لا قراءة من منصات الإعلان),,قراءة من منصات الإعلان وGA4
R22,الحملات والإبداع,خطة الإنفاق واستهلاكه,مبني ومختبر محليًا (إدخال يدوي بمصادره، لا قراءة من منصات الإعلان),,قراءة من منصات الإعلان
R23,الحملات والإبداع,نتائج الإبداع والتجارب,غير مبني — لا مصدر له في المنصة,,دفتر تجارب E39
R24,الحملات والإبداع,الإنتاج والمراجعات والتسليمات,مبني ومختبر محليًا,studio: نسخ ومراجعات وحزم وقبول,ملفات فعلية
R25,الحملات والإبداع,الحقوق والتراخيص واستخدام الأصول,مبني ومختبر محليًا,studio_assets بحقوق ومدة وقنوات,تنبيه انتهاء ومواقع الاستخدام
R26,المشتريات والموردون,التسجيل والتأهيل والنواقص,مبني ومختبر محليًا,vendors: حالات ومراجعات ومتطلبات وثائق (جديد),—
R27,المشتريات والموردون,مقارنة عروض وقرار ترسية,مبني ومختبر محليًا,procurement quotes/awards,أوزان معتمدة
R28,المشتريات والموردون,الإنفاق والالتزامات حسب المورد والفئة,مبني ومختبر محليًا,أوامر داخلية ومطابق غير مدفوع بحسب المورد,فئة لكل أمر ومدفوع فعلي من النظام المحاسبي
R29,المشتريات والموردون,أداء المورد وتركز الاعتماد عليه,مبني ومختبر محليًا,vendor_evaluations وتركز الأوامر (جديد),تجميع دوري
R30,المشتريات والموردون,الأوامر والاستلام والمطابقة والفروق,مبني ومختبر محليًا,procurement receipts/invoices/payables,سماحات معتمدة ومعالجة فروق
R31,المالية,أعمار الديون ووعود الدفع والنزاعات,مبني ومختبر محليًا,receivables بأعمار داخلية,وعود ونزاعات وفواتير رسمية
R32,المالية,مستحقات الموردين,مبني ومختبر محليًا,payables غير مدفوعة,دفع فعلي من النظام المحاسبي
R33,المالية,الموازنات والانحرافات,مبني ومختبر محليًا,مخصصات المشاريع,موازنات الإدارات
R34,المالية,العهد والمصروفات والتسويات,مبني ومختبر محليًا,طلبات فقط,سجل عهد E52
R35,المالية,حزمة الإقفال والمطابقة,مبني ومختبر محليًا,,النظام المحاسبي المعتمد
R36,الموظفون والتشغيل,القوى العاملة والحركات,مبني ومختبر محليًا,employees: ملفات وتغييرات مؤرخة,بيانات حقيقية بعد قرار الاستيراد
R37,الموظفون والتشغيل,الحضور والإجازات,مبني ومختبر محليًا,leave: أرصدة وطلبات وتقويم مصطنع,حضور ونظام الموارد البشرية
R38,الموظفون والتشغيل,التوظيف والتهيئة والتطوير,مبني ومختبر محليًا,people: احتياج ومرشحون وتهيئة,تطوير وتدريب
R39,الموظفون والتشغيل,الأصول والتراخيص وتكلفة الأنظمة,مبني ومختبر محليًا,,سجل أصول E61 واشتراكات E54
R40,الموظفون والتشغيل,حالة التكاملات وجودة البيانات وتبني المنصة,مبني ومختبر محليًا,integration-readiness: 12 مسارًا غير متصل,قياس استخدام E80
